Genus,TARA_099_SRF_0_22_3,TARA_098_SRF_0_22_3,TARA_098_MES_0_22_3,TARA_098_DCM_0_22_3,TARA_096_SRF_0_22_3,TARA_094_SRF_0_22_3,TARA_093_SRF_0_22_3,TARA_093_DCM_0_22_3,TARA_085_SRF_0_22_3,TARA_085_MES_0_22_3,TARA_085_DCM_0_22_3,TARA_084_SRF_0_22_3,TARA_082_SRF_0_22_3,TARA_082_DCM_0_22_3,TARA_078_SRF_0_22_3,TARA_078_MES_0_22_3,TARA_078_DCM_0_22_3,TARA_076_SRF_0_22_3,TARA_076_MES_0_22_3,TARA_076_DCM_0_22_3,TARA_072_SRF_0_22_3,TARA_072_MES_0_22_3,TARA_072_DCM_0_22_3,TARA_070_SRF_0_22_3,TARA_070_MES_0_22_3,TARA_068_SRF_0_22_3,TARA_068_MES_0_22_3,TARA_068_DCM_0_22_3,TARA_067_SRF_0_22_3,TARA_066_SRF_0_22_3,TARA_066_DCM_0_22_3,TARA_065_SRF_0_22_3,TARA_065_MES_0_22_3,TARA_065_DCM_0_22_3,TARA_064_SRF_0_22_3,TARA_064_MES_0_22_3,TARA_064_DCM_0_22_3,TARA_062_SRF_0_22_3,TARA_058_DCM_0_22_3,TARA_057_SRF_0_22_3,TARA_056_SRF_0_22_3,TARA_056_MES_0_22_3,TARA_152_SRF_0_22_3,TARA_152_MES_0_22_3,TARA_151_SRF_0_22_3,TARA_151_DCM_0_22_3,TARA_150_SRF_0_22_3,TARA_150_DCM_0_22_3,TARA_149_SRF_0_22_3,TARA_149_MES_0_22_3,TARA_148_SRF_0_22_3,TARA_148b_MES_0_22_3,TARA_146_SRF_0_22_3,TARA_146_MES_0_22_3,TARA_145_SRF_0_22_3,TARA_145_MES_0_22_3,TARA_142_SRF_0_22_3,TARA_142_MES_0_22_3,TARA_142_DCM_0_22_3,TARA_141_SRF_0_22_3,TARA_140_SRF_0_22_3,TARA_138_SRF_0_22_3,TARA_138_MES_0_22_3,TARA_138_DCM_0_22_3,TARA_137_SRF_0_22_3,TARA_137_MES_0_22_3,TARA_137_DCM_0_22_3,TARA_133_SRF_0_22_3,TARA_133_MES_0_22_3,TARA_133_DCM_0_22_3,TARA_132_SRF_0_22_3,TARA_132_MES_0_22_3,TARA_132_DCM_0_22_3,TARA_128_SRF_0_22_3,TARA_128_DCM_0_22_3,TARA_125_SRF_0_22_3,TARA_124_SRF_0_22_3,TARA_123_SRF_0_22_3,TARA_122_SRF_0_22_3,TARA_122_MES_0_22_3,TARA_122_DCM_0_22_3,TARA_112_SRF_0_22_3,TARA_112_MES_0_22_3,TARA_112_DCM_0_22_3,TARA_111_SRF_0_22_3,TARA_111_MES_0_22_3,TARA_111_DCM_0_22_3,TARA_110_SRF_0_22_3,TARA_110_MES_0_22_3,TARA_110_DCM_0_22_3,TARA_109_SRF_0_22_3,TARA_109_MES_0_22_3,TARA_109_DCM_0_22_3,TARA_102_SRF_0_22_3,TARA_102_MES_0_22_3,TARA_102_DCM_0_22_3,TARA_100_SRF_0_22_3,TARA_100_MES_0_22_3,TARA_100_DCM_0_22_3,TARA_009_SRF_0_22_1_6,TARA_009_DCM_0_22_1_6,TARA_007_SRF_0_22_1_6,TARA_007_DCM_0_22_1_6,TARA_052_SRF_0_22_1_6,TARA_052_DCM_0_22_1_6,TARA_004_SRF_0_22_1_6,TARA_004_DCM_0_22_1_6,TARA_048_SRF_0_22_1_6,TARA_045_SRF_0_22_1_6,TARA_042_SRF_0_22_1_6,TARA_042_DCM_0_22_1_6,TARA_041_SRF_0_22_1_6,TARA_041_DCM_0_22_1_6,TARA_039_MES_0_22_1_6,TARA_039_DCM_0_22_1_6,TARA_038_SRF_0_22_1_6,TARA_038_MES_0_22_1_6,TARA_038_DCM_0_22_1_6,TARA_037_MES_0_22_1_6,TARA_036_SRF_0_22_1_6,TARA_036_DCM_0_22_1_6,TARA_034_SRF_0_22_1_6,TARA_034_DCM_0_22_1_6,TARA_033_SRF_0_22_1_6,TARA_032_SRF_0_22_1_6,TARA_032_DCM_0_22_1_6,TARA_031_SRF_0_22_1_6,TARA_030_SRF_0_22_1_6,TARA_030_DCM_0_22_1_6,TARA_025_SRF_0_22_1_6,TARA_025_DCM_0_22_1_6,TARA_023_SRF_0_22_1_6,TARA_023_DCM_0_22_1_6,TARA_018_SRF_0_22_1_6,TARA_018_DCM_0_22_1_6
Achromobacter,0.027064726,0.024892134,0,0.004109476,0.015351102,0.06183227,0.002243309,0.005898882,0,0,0,0,0,0,0.061157404,0.001193033,0.023888339,0.029467912,0.000867348,0.017620628,0.045785799,0.014888203,0.008014587,0.046449089,0,0.017607184,0,0.017806268,0,0.011365735,0.012687135,0.022792023,0,0.026400855,0.019796895,0,0.012396412,0.031616009,0.036707254,0.023787813,0.034346725,0.007317048,0.007582322,0,0.032538843,0.024959201,0.010512866,0.015168369,0.009138793,0,0.02371816,0.001051746,0.023684455,0,0.008321841,0,0.015532916,0,0.022896508,0.042740024,0.039732926,0.032407032,0,0.014575985,0.050121126,0.000806198,0,0.01204787,0,0.007587665,0.034833365,0.00088669,0.005748173,0.021404943,0.015724301,0.013938901,0.015946309,0.02896066,0.014804808,0.000871437,0.008532696,0.009174312,0.001212121,0.015990218,0.035602331,0,0.022309676,0.039351635,0.014877046,0.028754167,0.0566669,0.000907836,0.051769883,0.063268136,0,0.019584279,0.039190072,0,0.013586957,0.245548164,0.013539692,0.121330414,0.030911105,0.056176154,0.019603999,0.051578069,0.01466798,0.094773799,0.143728922,0.070597624,0.044099488,0.114437922,0.035373651,0,0.016870044,0.068130753,0,0.025900284,0,0.049576996,0.049915643,0.066231286,0.012192148,0.07213654,0.145494856,0.071504903,0.107570904,0.027171073,0.030408038,0.107326739,0.016507439,0.072669943,0.003767614,0.014217087,0.022428294
Acidimicrobiia(undef),1.979888823,1.919460116,1.192621276,3.012246239,1.657187966,1.832270186,0.30733338,0.29011776,0.014091843,0.995139506,0.014811466,0.034177619,0.121654502,0.061913757,2.524017024,1.507993321,2.288730394,1.171029201,1.222093086,1.651933864,2.501685168,1.682366948,4.065399029,0.994988387,0.798198574,0.903835428,1.869660899,1.298076924,1.214584873,2.312927103,1.887845722,3.641839645,1.363154994,3.39927108,3.299660779,1.164428583,3.923464547,3.947689876,4.846406361,3.809023512,3.0696159,1.154002946,2.629982669,0.941435048,4.07060929,3.372372086,3.338239339,3.734789498,3.195254475,1.368259313,3.062183934,0.940260833,2.486867814,1.516252368,1.27086404,1.372830164,3.965462105,1.361944657,3.379723652,3.95928041,5.801870902,3.590879222,1.237579579,4.799871731,5.152451756,1.193979312,1.536652027,1.552167281,1.519727309,2.309901901,2.385614761,1.380576173,3.070482179,2.948044367,3.218240188,5.553103339,3.55048047,3.45558593,3.137693965,1.986004725,2.671800501,2.158465386,1.004848478,2.646851332,2.46003421,1.333447081,3.146556727,3.566944624,2.043405968,2.985770575,4.364127522,1.19562059,4.190772019,3.629167957,1.541214197,5.515645168,2.257511428,1.729593668,2.85326087,1.918132473,4.398316911,3.087331524,3.275289151,2.257176272,3.8960369,1.909485976,3.730556197,3.347956257,3.291312028,4.867143458,7.339918856,4.722537365,5.315218529,2.532001329,4.613957149,4.092193954,2.220844585,3.349105942,2.057537709,2.625981543,3.099761407,5.015094573,1.945518512,3.997807046,4.875232386,2.210365856,2.526310717,2.520639563,3.04270429,0.93967187,2.733012814,1.702201035,4.020043709,3.079121834,2.832003452
Acinetobacter,0.029146628,0.001382896,0.030860818,0.008218953,0.000731005,0.000782687,0.013459856,0.065960231,0,0.002194354,0.000779551,0,0.013824375,0.017335851,0.011467013,0.058458602,0.037538819,0.010249709,0.491786216,0.160054037,0.174240401,0.051431974,0.01803282,0.009778756,0.237444363,0.063092408,0.050250386,0.058760684,0.002463661,0,0,0,0,0.008371003,0,0.001565092,0,0,0,0,0.000981335,0.001045293,0,0.0128211,0.000813471,0.01343957,0.002426046,0.000842687,0.002492398,0.049389039,0.009317849,0.066259992,0,0,0.001188834,0.019321313,0.004568505,0.191481328,0.008959503,0,0.000863759,0.010802344,0.045615914,0.014575985,0.001670704,0.076588815,0.071924792,0,0.100397542,0,0.002824327,0.131230105,0.167655033,0,0.015724301,0.017036435,0.005546542,0.008108985,0.007402404,0.146401401,0.055462525,0.001668057,0.015757576,0.002821803,0.001736699,0.016209529,0.004461935,0.010306381,0.126017327,0.007771397,0.004657553,0.074442588,0.002588494,0,0.021258127,0.005341167,0.022044415,0.233728875,0.135869565,0.008162266,0.003124544,0.001318809,0.001287963,0,0,0.017558492,0.006286277,0.020821517,0.069054119,0.027625157,0.014111836,0.025649879,0.03275338,0.017884974,0.004217511,0,0.012763475,0.044827414,0.002895222,0.003198516,0,0.001540262,0.010450413,0.001442731,0,0.015715363,0.000802768,0.004180165,0,0.003002147,0.001031715,0,0,0.000748268,0.000862627
AEGEAN-169 marine group,5.172485581,6.10272154,2.543528683,2.49582203,7.329785524,5.929636442,3.091280258,2.786953817,0.028183683,0.782287174,0.042875296,0.014859835,0.053915065,0.063152032,2.02329078,1.49964209,2.772184874,1.376023368,1.14056239,1.249596194,1.621580371,1.293920196,2.791079765,1.62571813,0.775417936,1.622795435,1.61147788,1.777065526,0.455777285,3.267648855,3.402689671,3.262515262,1.751175498,3.142989608,2.739997216,1.832722948,2.784234243,2.2864123,2.691166139,1.967450344,2.802692784,1.763408487,3.506282496,1.886533266,2.04750671,2.878947873,2.672694042,2.301378635,2.571324128,2.001170704,2.642880741,2.009886413,3.315823754,2.026037139,2.129202529,1.687055736,2.231257708,1.82042108,2.413092819,2.529432334,2.212951207,2.825713177,2.413676842,2.636795614,3.993818394,2.246067768,3.49892959,3.19335493,1.765053558,1.640019511,3.972886462,2.555440286,2.637453176,2.741778557,3.007272489,2.79707283,4.085028495,1.606737407,2.852701413,2.044390996,3.195494736,2.786488739,1.767272726,2.350562008,5.124998912,2.057757113,3.046609376,4.074768106,2.41533211,3.072033074,4.964951911,2.149756699,4.808127871,4.479922463,1.939804069,2.990163352,5.262900064,2.045127651,3.024068324,5.390496402,2.392359448,5.441405326,1.71814224,3.097976739,3.446176704,4.965760943,3.661407148,3.691152291,2.58631765,3.83068848,2.840007059,3.507127707,2.056912272,1.502337821,3.773266602,2.645502645,1.706658887,2.42665737,1.971646128,3.942170832,3.258493144,1.794405767,2.110983382,2.298270167,2.987263427,2.974132512,1.907376635,3.920994878,5.075608321,4.800432309,3.14363535,6.175713459,5.726772662,3.493662175,2.926029758
AEGEAN-245(undef),0,0,0.133398373,0.078080052,0,0,0,0,0,0.251253524,0,0,0,0,0.003822338,0.053686471,0.023888339,0,0.085000087,0.008810314,0.001271828,0.046018082,0.176320904,0.004889378,0.036799496,0.067494204,0.109164631,0.076566951,0.002463661,0.01846932,0.045673687,0.027676027,0.105053585,0.031552242,0.013911331,0.128337559,0.021073901,0.004311274,0.006292672,0.002973477,0,0.108710422,0.040077989,0.12546362,0.013015537,0.099836806,0.063885879,0.048875856,0.114650316,0.102436526,0.066072018,0.222970131,0.204701365,0.106006647,0.052308717,0.139316839,0.01005071,0.084503497,0.002986501,0,0,0,0.040657663,0.215724573,0,0.037085111,0.071078618,0,0.204033714,0.001083952,0,0.127683345,0.592061774,0.012648375,0.013103584,0.001548767,0.000693318,0.002316853,0,0.128972663,0.100259181,0,0.090909091,0.031039834,0,0.363434714,0.041049804,0.002810831,0.134768531,0.032639866,0,0.173396761,0,0,0.182465588,0.002670584,0,0.285868393,0.032026398,0,0.034369988,0,0.006439813,0,0.006190737,0.003292217,0.104072809,0,0,0,0.007055918,0,0.030133109,0.003832494,0,0,0.010940121,0.000996165,0.026056997,0,0,0,0.231650817,0.001442731,0.001154721,0.029073422,0.000802768,0,0.002534003,0,0.011348864,0,0.015070454,0.011224017,0.00258788
Alphaproteobacteria(undef),34.35034245,37.22203782,15.12379166,33.81140242,37.01516106,37.11971199,25.16880905,16.76408758,20.92209663,9.136192591,15.75628124,16.29157968,13.82022787,17.52221158,34.09525266,19.09448819,29.01295659,27.67677544,10.49751072,19.27549853,31.47010568,18.4424232,34.31044501,24.55934483,6.20947671,21.21665638,16.69958935,23.511396,12.37004188,30.68890563,31.52753105,36.73748474,14.53213028,31.81946966,35.52579482,15.53197482,33.74861315,38.68218726,37.14354635,30.64266741,36.73627601,14.40726691,28.81607453,16.06483815,36.00504351,30.76509552,33.51097378,31.8518893,30.14971006,17.75810348,34.01861876,16.41354648,32.4790012,16.1249211,23.96690285,13.44865104,34.27292247,10.52428125,32.21936843,26.54414525,28.47036875,34.05619018,10.45100255,33.1443314,33.68557347,13.82710275,22.46845885,31.74346068,11.59834508,27.99414665,35.98004143,13.62487699,22.18123989,26.72990856,27.62104436,37.18511635,29.39736817,23.1569436,33.29508756,14.77782716,25.46476529,36.95079231,12.54060605,30.1961153,33.84652792,16.09862218,35.72939255,31.29298229,21.56909076,27.89387381,28.30472819,14.75869707,29.15938653,31.51291614,14.1951142,29.39333248,29.92080339,20.88187701,31.12965838,31.6199377,31.183994,35.66586659,28.18577577,28.70877731,35.16132028,34.16333787,29.26122274,36.91798476,33.72410471,37.97231346,32.65831718,35.55961131,32.2489781,19.0973198,26.57875498,32.05479449,25.33002702,27.66748022,10.22785398,37.56816837,36.18983918,33.2588873,22.01379453,31.16587076,30.06200851,20.11959394,31.32962455,39.99372977,38.51051295,36.54062655,27.84495386,41.21124784,30.25958858,34.04917616,29.7545827
Alteromonas,0.271688213,0.058081644,0.940757183,0.21095312,0.157897047,0.77407741,0.706642441,0.333554986,0.014704533,0.042789903,0.012472815,0.068355238,0.077416508,0.564653439,0.131233599,0.588165115,0.178593775,0.579108532,2.237757388,5.406595989,0.680427843,8.507931351,1.967580997,1.941082997,22.44418743,2.02482613,2.244806016,2.264957265,0.032027593,0.065352977,0.129408778,0.040700043,3.224467319,0.411466986,0.080792729,2.103483895,0.298753542,0.080477113,0.438389496,0.076319234,0.055936095,0.166201516,0.034662046,0.201474428,0.106564707,0.106556589,0.2021705,5.674655343,0.04070917,0.602729201,0.065224939,0.627892302,0.041447794,0.245363698,0.039231535,0.382358625,0.100507107,4.02560276,0.24190658,0.009066065,0.449154812,0.261956844,2.822236769,0.944523805,0.106089714,5.297527391,0.756479577,0.097052287,0.78374855,1.073112568,0.083788364,5.245657434,0.172445177,0.065187781,2.002227609,0.140163395,0.086664726,0.060238172,0.199864901,0.543776631,4.681250465,0.102585485,1.98909091,1.187038515,0.211877291,1.605596553,0.367663461,0.849807926,1.398442285,4.435136036,0.086941,7.479664462,1.129877695,0.113074968,4.979716201,1.20621356,1.360222077,2.565623878,5.164984473,0.840033192,0.431187118,1.995357792,7.826949333,0.301141021,0.360094512,0.690268206,0.342951335,0.053130766,0.157379157,0.165750947,0.635032634,0.401519263,1.181741956,0.737116433,0.185570485,1.149525258,1.329224711,1.1704936,3.747382236,0.071966609,0.336431432,0.046207869,0.585223116,0.236607851,0.076211589,0.233373148,0.077868493,0.128540078,0.046879059,0.27394587,0.543713762,0.177363932,0.655564767,0.243187022,0.207030404
Aquicella,0.018737118,0.023509238,0,0.009588778,0.054094358,0.049309279,0.010094892,0.010188979,0,0.001097177,0.001559102,0.001485983,0.001382438,0.001238275,0.026756364,0.002386065,0.01251294,0.005124854,0,0.004405157,0.012718277,0.005413892,0.010018233,0.017112822,0,0.010270857,0.000866386,0.024928775,0.004927322,0.031255772,0.035523979,0.039072039,0,0.012878466,0.018191741,0,0.016115336,0.034490192,0.023073131,0.015858542,0.00981335,0.006271755,0.048743501,0,0.038233141,0.029759048,0.019408368,0.020224492,0.011631192,0.000914612,0.010164926,0.001051746,0.017763342,0,0.027343193,0,0.007309608,0,0.022896508,0.053101242,0.019866463,0.022504884,0,0.027694371,0.028401971,0,0,0.024765067,0.000809658,0.024930898,0.019770288,0,0.010538316,0.009729519,0.024896809,0.03639602,0.030505983,0.025485381,0.032385517,0.006100058,0.015998805,0.007506255,0.001212121,0.005643606,0.035602331,0,0.029448773,0.041225522,0.017502407,0.031862726,0.035707909,0,0.029767683,0.040383916,0,0.032937197,0.024493795,0,0.021350932,0.019045287,0.019788781,0.035607839,0.030911105,0.012892888,0.013413263,0.024142926,0.023748158,0.0086158,0.019270917,0.034787235,0.042335509,0.029596014,0.026202704,0,0.033740089,0.043487715,0,0.052796733,0,0.057573286,0.065888648,0.047748136,0.008708677,0.056266501,0.018475537,0.010214986,0.020871967,0.018810743,0.017104521,0.015761269,0.023729443,0.038182512,0.016954261,0.021699765,0.017252534
Arctic97B-4 marine group(undef),0,0,0.348428587,0.382181311,0,0.012522992,0.008973238,0.03968339,0,0.089968511,0,0,0,0,0.03949749,0.152708185,0.557394579,0.010249709,0.284490086,0.556518164,0.05596042,0.190839694,0.40473662,0.633174429,0.168226265,0.416703347,0.176742736,0.48076923,0.007390983,0.365124241,0.312103527,0.252340253,0.383784469,0.27559917,0.199574099,0.377187215,0.391726635,0.126464037,0.357633536,0.312215041,0.14131224,0.301044247,0.214471405,0.220706077,0.062637273,0.645099356,0.289508159,0.255334209,0.31487297,0.347552499,0.443868432,0.390197728,0.606491232,0.458568076,0.205668361,0.118978614,0.172689479,0.291267372,0.237924581,0.249964383,0.10451487,0.035107619,0.373852165,0.112235081,0.093559435,0.357951933,0.495857977,0.000669326,0.195127481,0.214622513,0,0.249159861,0.349680497,0.295777389,0.41276289,0.109962443,0.275940486,0.403132384,0.080501142,0.34160327,0.223983276,0.078398665,0.282424242,0.243615671,0.11201709,0.511879879,0.380156881,0.130235173,0.232782007,0.161645049,0.006210071,0.345885684,0.046592894,0.080767833,0.285213202,0.259046602,0.015512737,0.561848257,0.155279503,0,0.154144187,0.001318809,0.048942583,0.045125107,0.103178942,0,0.027240534,0.000717983,0.014453188,0.017393618,0.026459695,0.006905737,0.100880411,0.090702369,0.278355734,0.115967239,0.102107798,0.094635652,0.110018434,0.044779223,0.119797543,0.100117059,0.472010311,0.093777503,0.027713305,0.348881067,0.020871967,0.001045041,0.044978557,0.012759123,0.120710646,0.022170491,0.116796021,0.094281738,0.100927324
Arenicella,0,0.001382896,0.053757553,0.009588778,0.000731005,0,0,0,0.632907515,0.129466882,0.780330374,0.808375003,1.464001327,1.255610934,0.007644675,0.091863517,0.032988659,0.007687281,0.072857217,0.002936771,0.002543655,0.028422933,0,0.198019802,0.044685101,0.265575021,0.16721249,0.190527066,0.039418576,0.042621507,0.045673687,0.026048026,0.103359173,0.011590619,0.006955665,0.07199424,0.018594619,0.008622548,0.001048779,0.010902747,0,0.052264626,0.073656846,0.067768671,0.00732124,0.023039262,0.038816736,0.01179762,0.031570377,0.100607302,0.018635697,0.024190156,0.031297316,0.0845671,0.058252889,0.104741857,0.004568505,0.097089124,0.001991001,0,0.002591278,0.001800391,0.035699411,0.040812757,0.01587169,0.037891308,0.050770441,0.005354609,0.111732748,0.029266706,0,0.121476516,0.027782834,0.085619771,0.039310751,0.032524103,0.076264958,0.207358324,0.038862621,0.103700992,0.021331741,0,0.026666667,0,0.028655534,0.145032632,0.018740128,0.033729973,0.093637876,0.020205631,0.022511508,0.106216864,0.006471235,0.013461305,0.177151057,0.006231362,0.010613978,0.088996764,0.011645963,0,0.003124544,0,0.003863888,0.003683682,0.003095368,0.001097406,0.005587802,0,0,0,0,0,0.001310135,0.039602443,0.002811674,0.007247952,0.071110787,0.004980824,0.027022071,0,0.001996626,0.00616105,0.020900825,0,0,0.00471461,0.001605536,0,0.000633501,0.00225161,0.00206343,0,0.00565142,0.000748268,0.000862627
ARKICE-90(undef),0.194657839,0.207434451,0.115479189,0.138352374,0.288015907,0.241067585,0.226574242,0.262232137,0,0.021943539,0,0,0.002764875,0.00247655,0.077720867,0.054879504,0.141054955,0.07174796,0.04770413,0.064608969,0.068678698,0.041957663,0.204371957,0.100232245,0.028913889,0.101241306,0.057181473,0.15491453,0.071446169,0.268515493,0.299416392,0.174196174,0.087262253,0.123633273,0.162655566,0.062603687,0.216937218,0.146583315,0.141585124,0.071363438,0.098133501,0.060626966,0.39644714,0.092495078,0.140730497,0.261111644,0.192466318,0.194660734,0.186929864,0.092375796,0.151626812,0.126209508,0.251224402,0.100051217,0.209234866,0.065082319,0.130659235,0.083604524,0.159280054,0.110087941,0.068236981,0.097221097,0.118998037,0.262367723,0.157881547,0.092712776,0.180235067,0.193435249,0.072059526,0.19185952,0.177932593,0.110836237,0.297946944,0.108970617,0.150691214,0.150230379,0.232261464,0.085723553,0.159151685,0.106315303,0.20798447,0.138448707,0.065454545,0.142030758,0.314342529,0.105788508,0.251653147,0.255785627,0.122516846,0.212159127,0.226667598,0.130728448,0.245906944,0.232880585,0.095661571,0.256376018,0.222893534,0.144732111,0.252329193,0.165966072,0.23746537,0.094954237,0.136524046,0.126166116,0.16302273,0.188753786,0.354825416,0.127083049,0.120443231,0.147334172,0.181689892,0.091747645,0.136254061,0.081759881,0.177135466,0.082626658,0.080227555,0.12551676,0.091682027,0.057573286,0.063892022,0.053909186,0.132371895,0.092334771,0.11778155,0.199585114,0.092318314,0.04075661,0.132401665,0.173373962,0.270309308,0.289448078,0.452113631,0.164618907,0.140608152
BAL58 marine group,0.036433285,0.042869786,0.00099551,0.006849127,0.063597421,0.118968419,0.070664244,0.038074605,0,0.001097177,0,0,0.001382438,0,0.047142165,0.001193033,0.0113754,0.015374563,0,0.013215471,0.006359139,0.006767365,0.014025526,0.024446889,0,0.033747102,0,0.008903134,0.014781966,0.026993621,0.038061406,0.034188034,0,0.030908318,0.027287611,0.003130184,0.030991031,0.034490192,0.023073131,0.041628672,0.059861435,0.003135878,0.0194974,0,0.056129505,0.058558126,0.049329603,0.023595241,0.036555173,0,0.026259392,0,0.011842228,0,0.023776689,0.001016911,0.013705514,0.000898973,0.016923506,0.007770913,0.019866463,0.036908009,0,0.005830394,0.032578732,0.000806198,0,0.062916656,0,0.023846946,0.043306345,0,0.002874086,0.022377895,0.03275896,0.024005885,0.018026263,0.017376396,0.024057813,0.001742874,0.003199761,0.020850709,0.001212121,0.010346611,0.038207379,0.002559399,0.016955354,0.029982198,0.011376564,0.042742681,0.011643883,0,0.016825212,0.017499697,0,0.038278364,0.031841933,0.000898957,0.017468944,0.082302847,0.04790968,0.138474929,0.074701837,0.026706696,0.01754042,0.053772881,0.033526811,0.048822866,0.070660029,0.038879851,0.021167754,0.02071721,0.024892569,0,0.01405837,0.02899181,0,0.016934801,0.001930148,0.036782933,0.039932514,0.01848315,0.013933884,0.008656385,0.005773605,0.00864345,0.009633215,0.131675201,0.107061633,0.102072982,0.052617461,0.133022946,0.054630397,0.078568115,0.064697002
Balneatrix,0,0,0.00099551,0,0,0,0.00224331,0.001072524,1.321569709,0.09764875,1.580149518,1.501586287,0.320725504,0.172120236,0,0.001193033,0,0,0,0,0,0,0,0,0,0.002934531,0,0,0.002463661,0,0.002537427,0,0,0,0,0,0,0,0,0,0,0,0,0,0,0,0.000808682,0,0,0.000914612,0,0,0,0,0,0.003050734,0,0,0,0,0,0,0.00099165,0,0,0,0.003384696,0,0.000809658,0.001083952,0,0,0.000958029,0,0,0,0,0,0,0,0,0,0,0,0.00086835,0,0,0,0,0,0,0,0,0,0,0,0,0.002696872,0,0,0,0,0,0,0,0,0,0,0,0,0,0,0,0,0,0,0,0,0,0,0,0,0,0,0,0,0,0.001045041,0.001267002,0.003002147,0.00412686,0,0,0,0.000862627
Balneola,0.014573314,0.04148689,0,0,0.107457711,0.022697922,0.010094892,0.003217572,0,0,0,0,0,0,0,0,0,0.003843641,0,0,0.002543655,0,0.002003647,0,0,0,0,0,0.029563932,0,0,0,0,0,0,0,0.000619821,0.008622548,0.028317025,0.003964635,0.006869345,0.001045293,0,0,0,0,0,0,0,0,0,0,0,0,0.001188834,0,0,0,0.002986501,0.060872156,0.033686611,0.003600781,0.00099165,0,0.036755492,0,0,0.047522155,0.000809658,0.073708742,0.040482018,0,0,0.011675423,0.023586451,0,0.00623986,0.008108985,0.017580709,0.000871437,0,0.027522936,0,0.000940601,0.112017089,0,0.000892387,0,0,0.002331419,0.011643883,0,0.00905973,0.065960397,0,0.004450973,0.031841933,0,0.004852484,0.237385898,0.009373633,0.192546092,0.10947683,0.002762762,0,0.171195294,0.027939009,0.0215395,0.013650233,0.030694619,0,0.039461353,0,0,0.012652533,0.015945495,0,0.000996165,0,0.003198516,0.000998313,0,0,0.001442731,0.008083048,0,0.000802768,0.478628906,0.125433156,0.242423333,0.005158575,0.254960647,0.060281817,0.045644333,0.037955575
BD1-7 clade,0.024982824,0.002765793,0,0.024656859,0.000731005,0.030524792,0,0,0,0,0.001559102,0,0.020736563,0.015478439,0.035675152,0,0.0113754,0.065341892,0,0.014683857,0.025436555,0.010827784,0.014025526,0.046449089,0.000876178,0,0,0,0.029563932,0.015627886,0.005074854,0.00976801,0,0.006439233,0.013911331,0.001565092,0.004958565,0.014370913,0.020975574,0.009911589,0.034346725,0.00418117,0.001083189,0,0.011388595,0.007679754,0.007278138,0.008426872,0.004153997,0,0.009317849,0.001051746,0.003383494,0,0.001188834,0,0.021928823,0,0.034842512,0.041444872,0.062190666,0.020704493,0,0.001457598,0.03592014,0,0.000846174,0.02074911,0,0.010839521,0.033891922,0,0.000958029,0.054485308,0.058966127,0.044139854,0.036745844,0.039386497,0.07494934,0.018300175,0.008532696,0.027522936,0,0.015049617,0.053837671,0.001706266,0.021417289,0.021549705,0.008751203,0.02253705,0.0566669,0.002723509,0.085420307,0.045768439,0,0.015133307,0.115120836,0,0.022321429,0.017684909,0.006249089,0.009231662,0.015455552,0.093933896,0.052621261,0.013168869,0.024446633,0.050976816,0.022482736,0.040926159,0.008819898,0.03354215,0.014411487,0,0.025305067,0.015945495,0,0.006973153,0,0.020790353,0.050913955,0.00616105,0,0.014427308,0.049653006,0.00864345,0.034519022,0.029261156,0.011403014,0.007505366,0.003095145,0.00615847,0.007535227,0.044147798,0.053482855
Candidatus Pelagibacter,1.374055335,1.853081093,0.40119063,1.165721487,2.262459978,3.02430243,2.933126948,1.836697482,2.945194989,0.423510308,2.111803178,2.033568366,1.631276268,2.289570628,2.078077619,0.752803626,1.765462012,1.130030365,0.297500304,0.801738569,1.513475014,0.798549075,1.584884489,1.281016989,0.161216835,1.220764737,0.680112978,1.422720796,1.65065287,2.855640956,2.968789646,2.191290191,0.415978312,2.140401037,1.916553415,0.417879612,1.66111927,2.07803406,1.937094252,1.747413075,1.843928481,0.486061025,2.402512998,0.436833189,2.730822418,2.159930884,2.485079816,2.0477298,1.89671502,0.504865737,1.634011844,0.631047538,1.552177701,0.480007623,2.112558847,0.542013687,1.496642149,0.364084215,1.447457493,1.665565787,1.81475819,1.479020946,0.239979373,1.686441419,2.62384095,0.232991238,0.357931612,3.210088083,0.418592978,3.155384534,1.532668047,0.396350384,1.10652322,1.546993579,1.543602177,2.511325357,1.879584562,1.315972383,1.846899782,0.536805137,1.083652421,1.296080066,0.344242423,0.848422141,2.198661008,0.441069828,1.755325322,2.677785065,1.177036842,2.159671114,2.166538585,0.354056212,2.286934577,3.193021659,0.471221811,3.173543416,1.772534293,0.557353471,1.685753108,2.656817532,2.668360863,3.624086722,2.966178099,1.050770349,1.678721406,2.477942143,2.288903325,1.666439305,1.747229807,2.050400564,2.067384018,1.915848667,1.925898752,0.21972968,1.757296294,2.826701456,0.370140764,2.358918165,0.173713316,3.225703274,3.324381796,2.567617521,0.674051624,2.211706317,1.729772173,0.942921804,1.394407919,3.230222593,2.482689591,2.624626609,2.01700266,2.927736513,2.460251676,2.454318253,1.952124218
Candidatus Puniceispirillum,0.030187579,0.038721097,0,0.002739651,0.041667276,0.053222714,0.008973237,0.009116455,0,0,0,0,0,0,0.075172642,0.002386065,0.01251294,0.087122522,0,0.007341928,0.026708383,0.002706946,0.002003647,0.075785356,0,0.002934531,0,0,0.002463661,0.017048603,0.005074854,0.006512007,0,0.005151386,0.008025768,0,0.005578386,0.008622548,0.012585344,0.012885065,0.026496045,0.002090585,0.005415945,0,0.019523306,0.009599693,0.008895502,0.012640307,0.007477195,0,0.002541231,0.001051746,0,0,0.008321841,0,0.004568505,0,0.002986501,0.014246675,0.010365111,0.027906056,0,0.002915197,0.020883803,0,0,0.072956547,0,0.021679042,0.061193749,0,0.001916058,0.022377895,0.024896809,0.017810818,0.021492852,0.039386497,0.012954207,0.002614311,0.003199761,0.020016681,0,0.000940601,0.059916117,0,0.010708645,0.032793029,0.007000963,0.024868469,0.030274097,0,0.05306413,0.065960397,0,0.026705835,0.044088831,0,0.008734472,0.066658504,0.027079384,0.051433545,0.025759254,0.013813808,0.01754042,0.102058733,0.015366455,0.018667567,0.020876827,0.033764081,0.00176398,0.028609481,0.003930406,0,0.030928415,0.017395086,0,0.012950142,0,0.05437477,0.024957821,0.010781837,0,0.012984577,0.011547211,0.009429218,0.024083038,0.035531403,0.057015071,0.105075129,0.017539154,0.066511473,0.077236079,0.026937639,0.035367695
Candidatus Scalindua,0,0,0,0,0,0,0,0,0,0,0,0,0,0,0,0,0,0,0,0,0,0,0,0,0,0,0,0,0,0,0,0,0,0.003219616,0,0,0,0,0,0,0,0,0,0,0,0,0,0,0,0,0,0,0,0,0,0,0,0,0,0,0,0,4.905694056,0,0,3.365876861,4.234254817,0,0,0,0,0,0,0,0,0,0,0,0,0,0,0,0,0,0,0.011090731,0,0,0.259035617,0,0,0,0,0,0.010629063,0,0,0.82164689,0,0,0,0,0,0,0,0,0,0,0,0,0,0,0,5.560949437,0,0,4.19006637,0,4.596647333,0,0.094839721,0,0,0,0,0,0,0,0,0,0,0,0,0,0
Chloroplast(undef),0.589178268,0.756444294,0.106519596,0.504095772,0.611851051,0.16279889,0.296116833,0.093845855,7.575284137,0.315986966,9.314073233,8.225661448,19.35136032,14.90325976,3.120301711,0.180147935,2.586765862,6.694340884,0.150918523,2.914745528,1.421903417,0.686210813,0.290528764,10.68817993,0.591420457,16.94544708,0.157682246,11.35861824,7.216063069,5.324846917,5.029180407,3.982091986,0.25331469,2.798490645,1.781185461,0.176855414,3.014187696,1.677085581,0.82643761,3.511675851,0.651606441,0.204877344,4.048960139,0.074179221,2.458309609,2.690793896,4.848048651,3.262884685,6.306598211,0.104265753,4.407342466,0.144089192,5.279941808,0.103624475,6.481525512,0.054913202,1.685778245,0.222046421,1.325010951,1.655204565,1.188532735,0.904696316,0.150730845,2.625134826,1.591345751,0.191875135,0.085463576,0.822601806,0.100397546,2.060592927,0.79363585,0.27398718,2.119159616,3.697217357,1.455808165,1.505401327,3.424296627,14.37491312,1.723834812,0.315460166,0.678349345,0.64220183,0.136969695,1.297088836,1.814850515,0.137354433,0.716586797,2.482900775,0.921501707,2.576995116,1.33283653,0.407618559,1.265773637,0.981329173,0.279898673,0.760226118,0.630306986,0.19687163,0.74631211,0.778816194,0.948819969,0.247936065,0.682620235,0.44664647,0.276519569,0.54760546,1.344564812,0.290065265,0.299502165,0.269089498,2.344328809,0.617570168,3.86620899,0.047267432,3.351515489,1.585851988,0.063817374,3.375006232,0.171783167,1.047513955,1.758028931,3.705871475,0.623541293,2.286728321,1.073890597,0.871416899,0.616525784,0.165116523,0.183715231,0.559900329,0.398241961,0.319008737,0.395599429,0.202780568,0.255337502
Cobetia,0.033310432,0.008297378,0.006968571,0.00273965,0,0.080616757,0.094218992,0.06327892,0,0.014263301,0.000779551,0.005943933,0.002764875,0.000619138,0,0.015509424,0.01820064,0,0.041632695,0.076356054,3.091813245,0.481836392,0.032058347,0.022002201,0.290891248,0.004401796,0.024258807,0,0,0,0,0,0,0,0,0,0,0,0,0,0.000981335,0,0.007582323,0.045789642,0.034165786,0.01343957,0.001617364,0.006741497,0.001661598,0.018292237,0.006776616,0.054690786,0.001691747,0.001191086,0.005944172,0.030507337,0.001827402,0.00539384,0.0009955,0.012951522,0.158067944,0.01350293,1.448801095,0.010203189,0.000835352,0.093518973,0.011846436,0.001338652,0.061533977,0.002167904,0.000941442,0.011526969,0,0,0,0,0,0.01621797,0.004626502,0.028757418,1.518819928,0.005838198,0.055757575,0.008465409,0.006946797,0.017915796,0.006246709,0.001873888,0.014877046,0.003885699,0.111781281,0.456641731,0.009059729,0,0.012400575,0.011572529,0.004082299,0.006292701,0.002911491,0,0,0.003956427,0,0.000920921,0.001031789,0.003292217,0,0,0,0,0,0.002959602,0.001310135,0.010219985,0,0,0,0,0.001930148,0,0,0,0.001741735,0.001442731,0,0,0.001605536,0,0,0.135847131,0.025792872,0.044340982,0.079119885,0.001496536,0
Coraliomargarita,0.019778069,0.011063171,0,0,0.027047179,0.001565374,0,0,0,0,0,0,0,0,0.012741126,0.001193033,0,0.002562427,0.001734696,0,0,0,0,0.002444689,0,0,0,0,0.007390983,0,0,0.014652015,0,0.012234543,0.007490717,0,0.009297309,0.002874183,0.001048779,0,0.00196267,0,0,0,0.034165785,0.000959969,0.058225105,0.040448984,0,0,0.012706157,0,0,0,0,0,0,0,0,0.028493349,0.256536498,0.001800391,0,0,0,0,0,0.230248186,0,0.019511138,0.039540576,0,0,0,0,0,0,0,0,0,0,0.011676397,0,0.002821803,0,0,0,0,0,0,0,0,0,0,0,0,0,0,0,0.091145302,0.007290603,0.178039195,0.021895366,0.000920921,0,0.026337738,0.085912453,0.007179833,0.004014774,0.004092616,0,0.006905737,0.001310135,0,0.005623348,0.017395086,0,0,0.000965074,0.060771802,0.113807665,0.007701312,0,0.002885462,0,0,0.005619376,0.447277667,0.005068006,0.128341764,0.001031715,0.068974861,0.045211363,0.012720552,0.008626267
Cyanobacteria(undef),0,0,0,0.224651379,0,0.000782687,0,0,0,0,0,0,0,0,0.002548225,0.001193033,0.051189298,0,0,0.052861884,0.007630966,0.004060419,0.100182332,0.185796357,0,0.033747102,0,0.065883191,0,0.001420717,0.002537427,0.001628002,0,0,0.008560819,0,0.008677489,0,0.017829238,0.000991159,0.002944005,0,0.004332756,0,0.004067355,0.009599693,0.027495188,0.016853743,0.002492398,0,0.005082463,0,0.006766987,0,0,0,0,0,0,0,0,0.001800391,0.00099165,0.123895869,0.001670704,0,0,0,0,0.033602515,0,0,0.152326573,0.015567231,0.013103584,0.005420684,0.006933178,0.001158426,0.007402404,0.01132868,0.120524334,0.013344454,0,0.293467526,0.026050486,0,0.287348629,0.034666917,0.015752166,0.095588178,0,0,0.007765482,0,0,0.115725286,0.002449379,0,0.214479814,0,0.049992709,0,0.001287963,0,0.14548231,0.008779246,0.099183482,0.001435967,0.000802955,0.002046308,0.012347857,0.000986534,0.006550676,0,0.001405837,0,0,0.000996165,0,0,0,0,0.012192148,0,0,0.033002263,0.002408304,0,0.003801005,0.018012879,0.237294431,0.003695082,0.026373295,0.01346882,0.017252534
Deferribacteres(undef),1.574958879,1.629051884,7.820728508,4.168378945,0.752934988,2.438069896,0.154788347,0.097599689,0.001225378,4.405165509,0.003897755,0.004457951,0.037325816,0.040863081,0.7389853,3.939393941,2.634542539,1.199215898,4.160667509,5.581333881,2.449540235,2.920794749,5.680338218,2.300452271,2.541793711,1.35428588,5.751936381,1.668447298,1.374722838,3.911233609,4.052270994,4.253968259,6.548904986,3.718013109,3.327483434,6.717375652,3.529878451,3.355608252,2.951263253,2.354002303,2.752644696,4.49162198,3.132582324,6.342781263,2.649475309,4.09906883,2.32253473,2.269356522,3.429539904,6.502890178,3.165527346,7.505258725,3.978988504,7.45024239,2.824670689,6.165532811,3.763534197,4.945252524,3.710229753,1.525689342,2.413343351,2.275693824,12.67626584,4.458793689,3.403224458,13.76583171,12.02751757,1.102380119,6.669959279,2.736979023,2.039163998,6.87716685,7.11719566,3.382953883,3.380724631,3.917605604,4.13425406,2.612251516,5.034559968,6.672592437,4.25568224,2.253544621,5.383030299,4.48854818,4.01872162,9.503049951,4.419993039,2.040663358,6.019952747,3.98517218,1.66274656,6.443823081,2.085032033,3.363980236,5.920388319,3.143276813,2.851894189,10.71107515,3.500582298,1.854874911,4.774303749,2.449028042,2.162489377,3.610929486,3.657693537,1.229094422,5.407595217,0.922608573,0.963545851,1.633976901,6.523196333,1.323928379,5.954564507,13.63857022,3.479446662,3.532652018,12.62854643,5.227872694,17.23911638,3.187321084,2.833211872,2.485983608,4.523287002,2.133798857,2.697428436,4.44666206,1.972400839,2.3064061,3.375292209,0.669478678,1.424798304,2.549606476,1.15477357,3.525089418,3.902523183
Defluviicoccus,0.168634064,0.271047681,0.00597306,0.317799513,0.057749383,0.094705123,0.063934316,0.076685473,0,0.005485885,0,0,0.040090688,0.042101353,0.364396199,0.025053686,0.428852564,0.266492423,0.008673479,0.33479193,0.296335865,0.105570894,0.272495942,0.168683535,0.000876178,0.164333715,0.006064702,0.176282051,0.120719389,0.225893985,0.215681298,0.320716321,0.003388825,0.413398757,0.252009117,0.003130184,0.400404124,0.37939211,0.323023839,0.254727827,0.367019291,0.058536382,0.163561524,0.000915793,0.266005042,0.294710569,0.186805543,0.189604612,0.279979396,0.000914612,0.374408105,0.032604124,0.378951286,0.003573258,0.271054259,0.007118378,0.234821142,0.001797946,0.2976546,0.384660218,0.171888092,0.294363878,0.0019833,0.109319885,0.119455351,0.000806198,0,0.135873202,0.002428973,0.150669341,0.363396723,0.00620683,0.135082056,0.146915743,0.2109677,0.229217486,0.24612782,0.228210001,0.156375782,0.04270041,0.217583754,0.317764805,0.018181817,0.244556272,0.159776314,0.004265666,0.2480836,0.178956246,0.058633062,0.132890882,0.162238109,0.003631346,0.14624992,0.181727626,0,0.229670184,0.123285435,0.004494786,0.12810559,0.713518072,0.170808423,0.441800965,0.264032355,0.20076068,0.275487778,0.334708749,0.194176113,0.362581579,0.393447888,0.342756581,0.287528664,0.425196073,0.199140552,0,0.147612888,0.295716459,0,0.213179261,0.000965074,0.251083497,0.266549532,0.380444829,0.135855366,0.284217966,0.372974908,0.207442796,0.461591567,0.287386352,0.334488417,0.579414283,0.303324185,0.476665558,0.324014769,0.262641984,0.287254691
Deltaproteobacteria(undef),1.806050006,1.38566213,6.153248846,2.3492507,1.13159549,0.928266741,0.30284676,0.240245393,0.020831419,8.983684978,0.20112411,0.054981389,0.127184256,0.095347187,1.876767833,4.775709855,2.127199721,2.365120243,5.825107983,1.829608528,2.307095527,2.97899409,0.95974674,1.254125414,2.957102302,1.267717227,6.191194054,1.269586898,0.507514166,0.863795874,0.83988835,1.57753358,5.955860547,1.886051334,1.907992592,6.682943625,1.949335861,2.293597757,2.376532527,1.966459185,2.710447293,2.658178897,1.234835359,6.718256332,1.470755711,2.671594511,1.570460458,1.399703374,1.473007327,6.60989976,1.92964177,5.622633569,2.119758754,7.620567673,1.371914972,5.460813324,2.031157203,4.568582682,1.875522638,1.340482573,2.515266944,2.514245594,2.863886079,2.026061858,1.980619831,3.628697426,4.226639249,1.222858826,5.856253395,0.934366696,2.52024101,5.776784687,3.425910844,1.903093988,1.786018474,2.052890384,1.889291017,1.336824056,2.03843698,5.383737245,1.40256194,2.854045037,5.15030303,2.782297887,2.074487027,7.782280427,2.215797034,1.634029795,4.926927454,1.538736529,1.810235752,4.998547459,1.80288617,1.632856356,3.381813674,1.215115512,1.840300457,4.840884574,0.986024845,1.222299309,2.296540085,1.111755863,0.9530924,2.799598481,1.358866678,1.614283834,1.197186541,2.522993413,2.888228682,2.436129613,1.314164763,2.258175898,1.328477095,3.334270166,2.595175165,1.74820613,4.051491506,1.284056385,2.940580398,2.103024199,1.983647639,3.491774995,2.631762288,3.055703837,3.191649056,2.620536841,3.838836309,1.064897063,1.251164064,2.6756631,2.8774529,1.623372624,1.070002262,1.662650964,1.950398968
Elev-16S-509(undef),0.277933921,0.289025335,0.044797961,0.119174818,0.279243848,0.259069385,0.076272517,0.053089942,0.015929909,0.015360478,0.014811466,0.019317785,0.041473126,0.047054453,0.182198099,0.051300406,0.104653676,0.229337229,0.054642913,0.14537018,0.18059954,0.215202208,0.176320905,0.205353869,0.377632915,0.149661063,0.071043649,0.169159544,0.059127864,0.127864521,0.142095915,0.205128205,0.053373999,0.136511739,0.134832903,0.068864056,0.10970825,0.168139685,0.178292378,0.157594259,0.210005692,0.033449362,0.196057192,0.021979029,0.190352234,0.1343957,0.188422908,0.235952404,0.107173122,0.021950684,0.109272953,0.037862853,0.098967189,0.014293031,0.072518902,0.034574982,0.105075609,0.07731171,0.128419543,0.341920194,0.233214999,0.213346297,0.069415521,0.087455908,0.263971263,0.098356163,0.018615828,0.179379401,0.025909043,0.143081677,0.260779514,0.099309269,0.071852158,0.244210936,0.254209527,0.258644055,0.2648474,0.205041473,0.273888945,0.053157651,0.172787098,0.220183487,0.06060606,0.12604054,0.362101753,0.05460052,0.166876378,0.292326431,0.113765643,0.287541674,0.313608594,0.175212433,0.319679026,0.253072543,0.109833655,0.198513376,0.394350098,0.063825962,0.232919255,0.259151941,0.157268732,0.224197505,0.332294378,0.278118005,0.230089043,0.322637285,0.206050192,0.285039382,0.205556448,0.285459958,0.127006528,0.290040941,0.142804737,0.01405248,0.334589214,0.200043488,0.029173656,0.199232952,0.092647102,0.319851588,0.266549532,0.232579631,0.066185947,0.284217969,0.212468678,0.12808021,0.244041455,0.250809907,0.214123266,0.18087933,0.126900934,0.19337595,0.192148293,0.234207809,0.174250594
Erythrobacter,0,0.005531585,0.00199102,0,0.02412316,0.011740304,0.003364964,0.001608786,0.000612689,0.004388708,0,0.000742992,0.002764875,0.000619138,0.006370563,0.004772131,0.00227508,0.005124854,0.093673565,0.048456727,0,0.004060419,0,0,0.004380892,0,0.000866386,0,0,0,0.002537427,0,0.103359173,0.014166313,0,0.062603687,0,0.001437091,0.003146336,0,0.000981335,0.498604534,0.003249567,0.088831906,0.000813471,0.016319478,0.001617364,0.003370749,0.002492398,0.053047487,0.002541231,0.04627682,0.000845873,0.046452351,0,0.055930118,0.013705514,0.015282547,0.004977502,0.003885457,0.005182556,0.009902149,0.004958252,0.002915197,0.003341408,0.047565685,0.001692348,0.001338652,0.02024144,0,0.003765769,0.044334495,0.022034661,0.008756567,0.005241434,0.003097534,0,0.003475279,0.0009253,0.305002919,0.053329351,0.009174312,0.063030303,0.012227814,0.00086835,0.003412533,0,0.002810831,0.001750241,0.005439978,0.002328777,0.004539182,0.002588494,0,0,0,0,0.000898957,0.001940994,0.010202832,0.005207574,0.01186928,0.007727776,0,0,0.003292217,0.002793901,0.005743867,0.003211819,0.007162078,0.022931734,0.029596014,0.005240541,0.006387491,0.004217511,0.00144959,0.001823354,0.00199233,0.002895222,0.003198516,0,0.009241575,0.259518584,0.012984577,0.01039249,0.059718381,0.016055359,0.020900826,0,0.008255903,0.014444009,0.001231694,0.009419034,0.009727481,0.01035152
Flavobacteria(undef),0.535048819,0.254452924,0.28571144,0.521903508,0.582610858,1.14272297,0.318549926,1.030695639,0.23220905,0.663792064,3.13457386,0.621141088,1.516533953,1.555273505,0.670183217,0.373419231,0.927095063,1.46186468,0.406786129,0.513934981,0.555788724,0.3559634,1.112023883,0.789634519,0.16910244,0.557560817,0.456585401,0.655270655,0.874599655,1.278645203,0.918548592,0.884004884,0.261786759,0.643923296,0.606213015,0.26606567,0.471063672,0.386577568,0.33665796,0.468818143,0.341504581,0.183971486,0.578422876,0.306790603,0.637761326,0.674858406,0.643710879,0.689318098,1.147333962,0.214933784,0.803876225,0.411232645,0.646247283,0.241790442,1.03785249,0.440322562,0.544565764,0.173501859,0.897941305,0.663117947,0.502707888,0.496007634,0.131889491,0.760866398,0.669117032,0.11931731,0.313084388,0.815239216,0.351391398,1.107799034,0.443419317,0.378616586,1.545300389,1.053706947,0.876629759,0.597823982,0.795235522,0.552569389,0.805011427,0.372974999,0.356240065,0.437864887,0.253333333,0.656539528,0.912635355,0.404385103,0.592544998,0.817014897,0.651964645,0.965984596,1.370873214,0.54470187,1.386138614,1.12401901,0.705061207,1.775047848,1.372468976,0.481841062,0.719138199,0.470690663,0.439519235,0.243979639,0.45722676,0.56636614,0.5076404,0.587112066,1.05958692,0.430789995,0.696161876,0.496229678,0.188745813,0.428155676,0.399591238,0.104754848,0.160265419,0.501558308,0.147691635,0.293868603,0.041498182,0.199907244,0.217632203,0.294190128,0.193332635,0.3794382,1.109686954,0.447887854,0.655058646,0.056432229,0.075386595,0.02927093,1.121474114,0.064048087,0.463416474,0.387602701,0.521889151
Fluviicola,0.001040951,0.001382896,0,0.001369825,0,0.075137949,0.045987842,0.05523499,0,0,0,0.000742992,0.020736563,0.022908089,0.109573682,0.001193033,0.01820064,0,0,0,0.008902794,0.002706946,0.016029173,0.026891578,0.001752357,0.020541714,0.001732772,0.03917379,0.068982508,0.069615127,0.065973103,0.040700041,0.000847206,0.049582094,0.051364915,0.001565092,0.011156772,0.004311274,0.004195115,0.009911588,0.00196267,0.003135878,0.035745234,0.000915793,0.03741967,0.02687914,0.042860146,0.042134358,0.231793032,0.008231507,0.049977552,0.003155238,0.106580049,0,0.041609206,0.001016911,0.013705514,0.001797946,0.021901007,0.12692492,0.010365111,0.01530332,0.003966601,0.014575985,0.313257038,0.003224792,0.005923218,0.028111697,0.008096576,0.093219879,0.003765769,0.00177338,0.042153265,0.215022378,0.159863723,0.054981221,0.144210103,0.110050508,0.261860039,0.042700408,0.001066587,0.000834028,0,0.000940601,0.196246994,0.02730026,0.074068125,0.232362035,0.083136431,0.150765094,0.123425165,0.006354855,0.256260921,0.243649629,0.017715106,0.190501625,0.467831483,0.009888529,0.126164596,0.005441511,0.067698461,0.02241975,0.036062956,0.054334312,0.008254315,0.006584434,0.090103304,0,0.000802955,0.036833543,0.00176398,0.010851872,0.040614191,0,0.029522578,0.013046314,0,0.037854261,0.000965074,0.036782932,0.057902145,0.00616105,0,0.015870039,0.017320816,0,0.007224912,0,0,0.00225161,0.025792873,0.004926776,0.016954261,0.002993071,0.008626267
Formosa,0.170715966,0.07191061,0,0,0.062866416,0.102531992,0.124503668,0.088483236,0,0,0,0.001485983,0.001382438,0.001857413,0.178375761,0.002386065,0,0.085841309,0,0,0.01144645,0.004060419,0,0.004889378,0,0.004401796,0.001732772,0.003561254,0.256220744,0.079560146,0.124333925,0,0,0,0,0,0,0.011496731,0,0,0.002944005,0,0.495017331,0.00641055,0.156999919,0.033598925,0.135858578,0.07415647,0.007477195,0.000914612,0,0,0,0,0.020210186,0,0,0,0,0.002590304,0,0.007201563,0,0,0.011694929,0,0,0.510026505,0.00323863,0.132242155,0.107324421,0.00088669,0.000958029,0.005837712,0.001310358,0,0.001386636,0,0.0009253,0,0,0.014178482,0,0.000940601,0.023445437,0,0.000892387,0.01780193,0.014877046,0.013988514,0.003881294,0,0.00905973,0.065960397,0,0.039168558,0.031841933,0,0.005822981,0.017684909,0.00208303,0.014506897,0.009015739,0,0,0.137175717,0.013271029,0.000717983,0,0,0,0,0,0,0.004217511,0.011596724,0,0,0.000965074,0.025588127,0.018967944,0,0,0,0.003464163,0.001571536,0.012844287,0.002090083,0,0,0,0.001231694,0.001883807,0.004489607,0.013802027
Gammaproteobacteria(undef),12.20202777,14.67944463,4.63509571,4.650557509,17.67935204,9.089343722,3.15745789,2.462515281,6.256165185,4.988863655,8.520490493,5.380003121,3.761612485,4.649722939,5.690186789,4.090909083,4.248711743,6.566219533,3.591687343,2.684208989,6.797919284,4.424503258,5.638261633,5.08739763,1.998563061,3.34389764,5.39671813,3.904914537,4.749938408,6.805233922,6.810454195,6.246642251,3.831067055,6.147535703,5.624458258,3.969073774,4.561259971,6.374937132,5.65606351,5.903342186,6.352181499,3.245633294,5.776646449,3.958056689,5.940779298,5.093597008,5.680182432,5.180840667,5.206619808,4.181605334,4.85629336,2.927008839,3.875791947,4.365329874,4.771981542,4.933036388,4.441500302,3.842212191,4.574324048,6.517206097,10.361656,7.753382481,1.901985286,3.823280756,9.118703526,2.287183869,3.411773665,8.460951508,4.877377362,5.987751342,9.269440782,5.307725735,3.776549375,9.226503212,8.658848193,7.794168895,8.534048842,4.820212221,9.956233282,5.339293959,3.669059369,7.891576312,3.317575753,4.56097446,9.082067721,6.25090645,6.708073424,10.24173147,6.883696512,7.522711905,11.38383673,5.884595824,10.79919757,10.96692558,6.448298474,7.168736375,11.59781189,5.50161812,6.177212734,11.01905889,5.690836756,10.04272941,4.677880532,11.19194747,8.762987648,10.52302357,8.224545812,11.53871006,8.848562708,9.602300051,4.521079558,7.209589111,4.728277955,3.315107693,5.048360792,6.382546918,3.927503469,5.090401957,1.243015281,11.75454589,10.44135412,7.468732667,2.569059801,8.40679238,7.718155679,3.660108126,6.665382236,12.97523252,8.589637193,7.202900076,6.64940264,8.647723219,12.84002713,8.90064501,9.742505934
Gemmatimonadetes(undef),0,0,0.310599197,0.072600751,0,0,0,0,0,0.195297499,0,0,0,0,0.001274113,0.219518015,0.135367254,0,0.252398216,0.13509148,0.001271828,0.073087542,0.054098459,0.031780956,0.12529352,0.020541714,0.259049401,0.014245014,0.002463661,0.028414338,0.038061406,0.074888075,0.288897361,0.084353952,0.034778328,0.278586409,0.144418205,0.002874182,0.001048779,0.00892043,0.000981335,0.252960791,0.023830157,0.260085169,0.002440413,0.09311702,0.018599686,0.016853743,0.040709171,0.255176703,0.073695713,0.228228859,0.098967189,0.30610908,0.047553378,0.225754294,0.03837544,0.215753609,0.068689523,0.010361218,0.000863759,0,0.109081534,0.002915197,0,0.095937568,0.050770441,0,0.187030904,0.006503713,0,0.219012405,0.019160575,0.002918856,0,0.013938901,0.013173038,0.011584264,0.0009253,0.379946494,0.116257986,0.00500417,0.237575758,0.082772892,0,0.360022181,0.026771612,0,0.127767568,0.002331419,0,0.126189266,0,0,0.232067884,0,0,0.092592593,0,0,0.031245444,0,0.001287963,0,0.001031789,0,0.006984752,0,0,0.001023154,0.035279591,0,0.010481081,0.024272465,0.001405837,0,0.043760485,0.032873437,0.068520252,0,0.002994939,0.0123221,0.151530985,0.008656385,0.008083048,0.40702791,0.007224912,0,0,0,0.015475723,0,0.015070454,0.011224016,0
Glaciecola,0.007286657,0.004148689,0.024887756,0.005479302,0.004386029,0.02582867,0.045987841,0.004826358,0.004288821,0.005485885,0,0.02154676,0.002764875,0.0049531,0,0.009544262,0.00341262,0.016655776,0.045102087,0.198232064,0.029252038,0.269341129,0.046083873,0.051338467,0.939263309,0.070428735,0.062379789,0.033831909,0,0,0.007612281,0,0.140636252,0.012878466,0,0.018781106,0.003718924,0,0.009439008,0.003964635,0.000981335,0.00418117,0,0.005494757,0.000813471,0.000959969,0,0.077527219,0,0.010975342,0,0.007362221,0.000845873,0.00595543,0.001188834,0.022372047,0.001827402,0.098887071,0.005973002,0,0.018138944,0.005401172,0.108089883,0.013118386,0.001670704,0.103999549,0.01692348,0,0.008096576,0.023846946,0,0.068275122,0.004790144,0.002918856,0.057655769,0.003097534,0.000693318,0,0.020356611,0.016557301,0.076794266,0.004170142,0.013333333,0.006584207,0.004341748,0.040097257,0.002677161,0.022486649,0.010501444,0.080045385,0,0.059917205,0.005176988,0,0.067317402,0.019584279,0.042455911,0.053038475,0.133928571,0.012243399,0.012498177,0.018463324,0.106900904,0.001841841,0.006190737,0.006584434,0.006286277,0.000717983,0,0.001023154,0,0.011838406,0.015721622,0.010219985,0.001405837,0.010147133,0.007293414,0.002988494,0.008685666,0,0.000998313,0,0.001741735,0.001442731,0,0.000785768,0.000802768,0.001045041,0,0.000750537,0,0,0,0.000748268,0
Halobacteria(undef),0,0,0.00099551,0,0,0,0,0,0,0.006583062,0,0,0,0,0,0.003579098,0,0,0,0,0.003815483,0.001353473,0,0.002444689,0,0,0.00433193,0,0.002463661,0,0,0,0,0.001287847,0.001070102,0.001565092,0.001239641,0.001437091,0.001048779,0.002973477,0,0.002090585,0,0.001831586,0,0,0,0,0.000830799,0,0.000847077,0.002103492,0.000845873,0,0.003566503,0.00813529,0.000913701,0.001797947,0,0.012951522,0.228032443,0,0.00099165,0.005830394,0.077687745,0.002418594,0.002538522,0,0.021051097,0,0,0.00354676,0,0,0,0,0,0,0,0.001742874,0,0,0.001212121,0,0,0.007678198,0,0.023423592,0.022753129,0.026422748,0.079954666,0.009078364,0.041415906,0.069998788,0.017715106,0.229670183,0,0.000898957,0,0,0,0,0,0,0.001031789,0,0,0,0,0,0.010583877,0,0.167697306,0,0.271326548,0.404435747,0.003646707,0.240075709,0,0.055974028,0.109814414,0.10011706,0.052252064,0.05482377,0.004618884,0.000785768,0.003211072,0,0,0,0,0,0,0,0
Halomonas,0,0.001382896,0.366347772,0,0,0,0,0,0,0.212852331,0,0,0,0,0,0.353137676,0.00113754,0,0.432806564,0.001468386,0,0.110984787,0,0,0.162093015,0,0.194070455,0,0,0,0,0,0.242301012,0.001287847,0,0.320843898,0,0,0,0,0,0.068989307,0,0.218874491,0.002440413,0.002879908,0.000808682,0.000842687,0.003323198,0.276212775,0.004235386,0.170382836,0.00507524,0.298962564,0.003566503,0.267447654,0,0.098887071,0.0009955,0.003885457,0.01209263,0,0.047599215,0.001457598,0,0.06207725,0.006769392,0,0.095539596,0,0,0.181771429,0.001916058,0.000972952,0,0.000774383,0,0,0,0.126358352,0.001066587,0,0.364848485,0,0.00086835,0.101522843,0,0,0.029754091,0,0.010867625,0.085336626,0,0,0.046059275,0,0,0.007191658,0.000970497,0.004761322,0.001041515,0,0,0,0,0.002194811,0.00139695,0,0,0,0,0,0,0.006387491,0,0.00144959,0.012763475,0,0.081066214,0,0.000998313,0,0.052252064,0,0.001154721,0.003928841,0.000802768,0,0,0.005253756,0.009285434,0.004926776,0.018838068,0,0.001725253
hgcI clade,0.012491412,0.013828963,0.007964082,0.009588778,0.023392155,0.027394044,0.088610719,0.059525086,0.012253776,0.01097177,0.007015957,0.00445795,0.006912188,0.019193264,0.017837576,0.011930327,0.01023786,0.014093349,0,0.004405157,0.016533761,0.005413892,0.008014587,0.009778756,0.003504714,0.017607184,0.007797474,0.008903134,0.046809559,0.035517922,0.02537427,0.013024013,0.005930444,0.019317699,0.012306178,0.003130184,0.008057668,0.007185457,0.016780459,0.019823177,0.00785068,0.005226463,0.025996534,0.008242136,0.031725372,0.023039263,0.018599686,0.010112246,0.019108386,0.008231507,0.016094466,0.012620951,0.015225721,0.008337601,0.033287365,0.007118379,0.01005071,0.003595893,0.009955003,0.01165637,0.007773833,0.005401172,0.00099165,0.011660788,0.021719155,0.00403099,0.000846174,0.048860807,0.00323863,0.07804455,0.016004519,0.006206829,0.009580288,0.014594279,0.00786215,0.021682735,0.013866356,0.005792132,0.01850601,0.008714369,0.003199761,0.010842369,0.006060606,0.001881202,0.026918835,0.005118799,0.011601032,0.028108311,0.009626324,0.029531307,0.018630214,0.004539182,0.019413706,0.029614872,0.001771511,0.032937197,0.010613978,0.003595829,0.01261646,0.029248119,0.038536047,0.073853296,0.064398135,0.013813808,0.010317894,0.028532549,0.027939009,0.01938555,0.020073872,0.018416772,0.028223673,0.023676812,0.019652028,0.005109993,0.012652533,0.040588534,0.007293414,0.019923295,0.002895222,0.027187385,0.023959508,0.013862362,0.013933884,0.015870039,0.015011374,0.010214986,0.007224911,0.045981816,0.028507535,0.035275222,0.021666013,0.049267758,0.050862784,0.031427246,0.031054561
Idiomarina,0.001040951,0.002765793,0.009955102,0.005479302,0,0,0.001121655,0.130311675,0,0.003291531,0,0,0,0,0.006370563,0.016702458,0.017063099,0.001281214,0.056377609,0.011747085,0.008902794,0.021655568,0.008014587,0,0.004380892,0.007336327,0.000866386,0.001780627,0,0.001420717,0.010149708,0.017908018,0.14571949,0.020605545,0.016051536,0.114251729,0.014875695,0.012933822,0.014682902,0.00892043,0.016682695,0.001045293,0.004332756,0.007326343,0.017082893,0.002879908,0.001617364,0.005056123,0.002492398,0.006402283,0.018635698,0.002103492,0.005921114,0.013101945,0.001188834,0.002033822,0.01005071,0.098887071,0.007964003,0.020722436,0.133882684,0.018003907,0.140814343,0.010203189,0.005847465,0.007255782,0.011000262,0.000669326,0.126306585,0.002167904,0.017887404,0.009753589,0.006706201,0.006810664,0.023586451,0.011615751,0.004853225,0.020851675,0.012954207,0.04792903,0.54182621,0.023352794,0.046060606,0.012227814,0.015630292,0.02985966,0.00892387,0.00749555,0.032379452,0.004662838,0.044246757,0.439392839,0.019413706,0.004038392,0.046059275,0.002670584,0.011430438,0.000898957,0.008734472,0.029928308,0.010415148,0.043520692,0.002575925,0.010130126,0.006190737,0.008779246,0.004889327,0.022257483,0.022482736,0.011254694,0.024695714,0.011838406,0.005240541,0.024272465,0.002811674,0.004348771,0.003646707,0.000996165,0.003860296,0.003198516,0.001996626,0,0.006966942,0.002885462,0.009237769,0.006286145,0.003211072,0.00836033,0.002534003,0.00225161,0.009285434,0,0.003767614,0.002993071,0.006901014
Leeuwenhoekiella,0,0,0.018914695,0.001369825,0.000731005,0.000782687,0.006729928,0.004290096,0,0.01097177,0,0.001485983,0.001382438,0.003095688,0.001274113,0.002386065,0.00341262,0.008968495,0.026887783,0.024962556,0.006359139,0.016241676,0.00601094,0.004889378,0.14807416,0.014672653,0.033789052,0.00534188,0,0,0.015224562,0,0.1872326,0.034771858,0,0.109556453,0,0,0,0,0,0.412890547,0.011915078,0.313201154,0.001626942,0.031678986,0.002426046,0.000842687,0.001661599,0.394197702,0.029647701,0.250315524,0.016917468,0.387102922,0.001188834,0.681330527,0.002741103,2.205181683,0.225978577,0.001295152,0.002591278,0,0.030741159,0.008745591,0,0.02499214,0.007615566,0.004015957,0.042102195,0.003251856,0.003765769,0.025714007,0.008622259,0,0,0.003871917,0.004853225,0.002316853,0.0009253,0.122001168,0.036263959,0.000834028,1.506666667,0.22480365,0.00086835,0.130529369,0.045511739,0,0.179399667,0,0,0.207894546,0,0,0.347216071,0,0.006531679,0.023372887,0.002911491,0.001360378,0,0,0,0.004604603,0.001031789,0,0,0.000717983,0.00160591,0.002046308,0,0,0.010481082,0.011497483,0,0,0.018233535,0.004980824,0.01447611,0,0,0,0,0,0,0.003928841,0,0,0.004434506,0.00675483,0.010317149,0.007390164,0.00565142,0,0.001725253
Leptospirillum,0,0.019360549,0.003982041,0.004109476,0.000731005,0,0.004486619,0.009652717,0.003676133,0.007680239,0.007015957,0.001485983,0.004147313,0.00742965,0.00509645,0.002386065,0.00227508,0.006406068,0,0.002936771,0.001271828,0.006767365,0,0,0.006133249,0.001467265,0.006931088,0.014245014,0.125646711,0.122181653,0.119259071,0.004884005,0.005083238,0.000643923,0.002140205,0.001565092,0.005578386,0.010059639,0.012585344,0.010902747,0.014720025,0.00836234,0.060658579,0.003663171,0.008134711,0.028799078,0.001617364,0.001685374,0.001661599,0.004573059,0,0.005258729,0.00253762,0.00595543,0.064197061,0.011186024,0,0.004494867,0,0.022017588,0.024185259,0.001800391,0.057515718,0.001457598,0.002506056,0.049984279,0.154003672,0.001338652,0.015383494,0.02601485,0.016004519,0.005320139,0.000958029,0,0,0.016262051,0.005546542,0.034752792,0,0.008714369,0,0.008340284,0.001212121,0.001881202,0,0.092991511,0.001784774,0.00749555,0.162772381,0.003885698,0.004657553,0.203355363,0.001294247,0.002692261,0.18778012,0.005341167,0,0.192376843,0.000970497,0.000680189,0.072906035,0.001318809,0.06697406,0,0.001031789,0.031824766,0.085213978,0.0215395,0.022482736,0.023532541,0,0.02071721,0.001310135,0.118807328,0.068886015,0.020294267,0.215155714,0.006973153,0.017371332,0.028786643,0.018967944,0.004620787,0.001741735,0.012984577,0.003464163,0.002357305,0.010435983,0,0,0,0.010317149,0,0.013186648,0.011224016,0.017252534
Litoricola,0.024982824,0.009680274,0,0.034245637,0.016082106,0.12366454,0.048231151,0.031103198,0.000612689,0,0.002338652,0.002971967,0.004147313,0.003714825,0.077720867,0.001193033,0.048914218,0.01793699,0,0.013215471,0.029252038,0.016241676,0.048087519,0.024446889,0.001752357,0.036681633,0.000866386,0.040954416,0.009854644,0.045462941,0.050748541,0.032560033,0,0.027688702,0.035848431,0,0.029131569,0.028741827,0.028317025,0.03469056,0.036309395,0.003135878,0.046577123,0.000915793,0.080533637,0.060478065,0.048520921,0.046347794,0.039047572,0,0.034730164,0.009465713,0.032989063,0.001191086,0.023776689,0,0.034720636,0,0.017919006,0.019427284,0.020730222,0.02700586,0,0.043727954,0.027566619,0,0,0.070279243,0,0.037938323,0.022594615,0,0.027782834,0.019459039,0.023586451,0.046463004,0.029812666,0.033594365,0.040713222,0.002614311,0.027731263,0.023352794,0.002424242,0.025396228,0.045154175,0.000853133,0.056220384,0.055279678,0.024503369,0.039634123,0.025616544,0.001815673,0.037533165,0.07403718,0.003543021,0.113054702,0.037557152,0.001797914,0.073757764,0.014283965,0.06978149,0.040883074,0.064398135,0.01657657,0.030953683,0.065844344,0.057973444,0.015795633,0.024891601,0.019439926,0.035279591,0.028609481,0.03013311,0,0.018275881,0.065231572,0,0.023907954,0,0.030385901,0.04891733,0.036966299,0.015675619,0.031740078,0.030022748,0.016501132,0.024083038,0.025080991,0.041177551,0.035275222,0.035078307,0.048036064,0.026373295,0.072581973,0.063834376
Loktanella,0.012491412,0.017977652,0,0.002739651,0.02266115,0.038351661,0.037014604,0.045046011,0.079649542,0,0.049891253,0.208037685,0.370493254,0.472401944,0.031852815,0,0.019338179,0.003843641,0.000867348,0.002936771,0.017805588,0.010827784,0.010018233,0.007334067,0.003504714,0.017607184,0.001732772,0.024928775,0.330130574,0.046883657,0.035523979,0.030932031,0.000847206,0.012234543,0.017121639,0,0.013636054,0.012933822,0.017829238,0.011893906,0.020608035,0.003135878,0.04007799,0.000915793,0.042300496,0.025919171,0.02830387,0.014325682,0.01329279,0.002743836,0.014400312,0.003155238,0.011842228,0.004764344,0.026154358,0.006101467,0.007309608,0.00539384,0.014932505,0.014246675,0.016411426,0.008101758,0.001983301,0.021863977,0.019213098,0,0.000846174,0.054215416,0.001619315,0.035770419,0.017887404,0.00088669,0.013412403,0.017513135,0.011793225,0.016262051,0.023572805,0.011584264,0.012028906,0.002614311,0.01066587,0.008340284,0,0.006584207,0.01823534,0,0.01517058,0.027171367,0.012251685,0.016319933,0.018630214,0.001815673,0.012942471,0.029614872,0.001771511,0.041839142,0.022860875,0.003595829,0.018439441,0.026527364,0.044785136,0.043520692,0.091445352,0.010130126,0.008254315,0.040604012,0.03073291,0.0258474,0.018467962,0.017393618,0.003527959,0.016771075,0.009170946,0,0.008435022,0.018844676,0,0.028888778,0.000965074,0.036782933,0.036937575,0.023103937,0,0.014427308,0.015011374,0.003928841,0.010435983,0.052252064,0.028507535,0.027769855,0.031983162,0.05912131,0.048978977,0.042651262,0.039680828
Magnetospira,0.003122853,0.013828964,0.003982041,0.083559355,0.00292402,0,0.004486619,0.013942813,0,0,0,0,0,0,0.059883291,0.008351228,0.086453037,0.09352859,0,0.089571525,0.057232249,0.010827784,0.16029173,0.151570713,0.001752357,0.09683951,0.00433193,0.129985755,0.019709288,0.04120079,0.050748541,0.113960114,0.001694412,0.108823037,0.085608192,0,0.167971389,0.034490192,0.049292599,0.017840859,0.016682695,0.002090585,0.058492201,0.005494757,0.028471488,0.060478065,0.052564331,0.059830788,0.098034329,0.002743836,0.121132034,0.010517459,0.157332453,0.008337601,0.112939274,0.002033822,0.144364749,0,0.152311552,0.020722436,0.002591278,0.009902149,0.017849706,0.087455907,0,0.012899169,0.011000262,0.017402479,0,0.050945748,0.011297307,0.00177338,0.068020042,0.002918856,0.003931075,0.03871917,0.026346076,0.013901117,0.004626502,0.010457243,0.099192594,0.044203503,0.008484848,0.074307482,0.003473399,0,0.091915866,0.008432493,0.006125843,0.027199888,0,0.001815673,0.003882741,0,0.003543021,0.01958428,0,0.011686444,0.062111802,0.010202832,0.123940259,0.003956427,0.016743515,0.000920921,0.117623995,0.042798824,0.067752097,0,0,0.006138924,0.068795202,0.002959602,0.058956084,0.005109993,0.063262667,0.004348771,0.005470061,0.051800568,0.008685666,0.00799629,0.004991564,0.063150761,0.067927683,0.030297346,0.105079618,0.222372391,0.198283682,0.005225206,0.06398358,0.027019319,0.24967501,0.027097267,0.032024715,0.144415678,0.175113219
marine group,0.172797868,0.356787255,0.00099551,0.008218953,0.476615155,0.088443627,0.189559639,0.145863275,0.007352265,0,0.001559102,0.001485984,0.017971688,0.022288952,0.030578702,0.009544262,0.026163419,0.024343058,0,0.004405157,0.007630966,0.012181257,0.004007293,0.009778756,0,0.017607184,0.00433193,0.007122507,0.362158167,0.10513305,0.048211114,0.004884005,0,0.00193177,0.000535051,0,0.004958565,0.028741827,0.058731607,0.003964635,0.02747738,0.00418117,0.093154246,0.000915793,0.304238185,0.126715945,0.05256433,0.048875855,0.010800392,0,0.003388309,0.001051746,0.001691747,0,0.115316943,0,0.000913701,0,0,0.012951522,0.018138944,0.029706446,0.00099165,0.03789756,0.023389859,0.029829328,0.003384696,0.313913952,0.001619315,0.288331256,0.112973074,0.00266007,0.013412403,0.000972952,0.019655376,0.001548767,0,0.001158426,0,0,0.002133174,0.038365304,0.002424242,0.003762404,0.007815146,0.001706266,0.014278193,0.042162466,0.014877046,0.026422748,0.013972661,0.001815673,0.046592895,0.053845222,0.001771511,0.072105755,0.034291313,0.001797914,0.037849379,0.457086887,0.159351761,0.167488724,0.211225883,0,0,0.333611342,0.354126941,0.0301553,0.048177292,0.050134545,0,0.028609481,0.001310135,0,0.101220267,0.015945495,0.005470061,0.00199233,0,0.009595548,0.017969631,0.003080525,0,0.010099116,0.023094421,0.001571536,0.038532861,0.372034695,0.153307191,0.39703388,0.086664053,0.188449174,0.165774998,0.114484967,0.105240457
Marine Group I(undef),0,0,14.44087167,0.038355112,0,0,0,0,0.000612689,5.989489047,0.011693263,0,0,0,0.0101929,13.63278454,3.073632962,0.001281214,14.67465783,0.580012334,0.002543655,5.637215095,0.25646677,0.063561912,7.374794101,1.169410452,11.38604425,1.426282051,0.165065287,0.510037368,0.575995939,0.423280424,14.46943703,0.588545889,0.115036008,14.42701975,0.361355425,0.03161601,0.019926796,0.068389961,0.04317874,13.40796722,1.174176778,11.76335913,0.074025868,2.589997124,0.505426256,0.288199008,1.919146601,13.80240726,1.83646328,7.122423223,4.341022317,11.4820682,1.654857576,13.29916512,0.381013295,12.70519067,0.453948153,0.040149719,0.001727519,0,4.814462227,1.008658135,0.000835352,5.548254984,0.575398333,0,16.65708572,0.01517533,0,9.13999947,0.963776934,0.23545437,0.263382035,0.04104232,0.065865192,0.069505584,0,12.72820754,0.042663481,0.000834028,13.86060606,0.007524808,0,11.49085014,0.003569548,0.002810831,7.921589219,0.065279732,0,7.694821705,0,0,18.85064394,0.016023502,0,2.840704781,0.095108696,0,1.05922053,0.079128536,0.095309242,0,0.002063579,0.01536368,0.697776751,0.000717983,0,0.004092616,0.481566415,0.000986534,0.547636516,0.445846853,0.007029185,0.013046314,1.281817521,0.404442895,2.921278913,0,0.04791902,0.271086193,5.345386139,0.212081428,0.0219397,3.075496606,0.032913486,0,0,0.007505366,0.884179685,0.01847541,0.241127271,0.165367175,0.006038387
Marinicella,0.629775363,1.171313199,0.219012253,0.579436179,0.192985278,0.53379251,0.558584024,0.422574488,0.001225378,0.059247556,0.04677305,0.00445795,0.059444813,0.089155806,0.710954821,0.094249583,0.476629241,0.939129546,0.058979653,0.411147984,0.805066959,0.40062801,0.573042937,0.664955384,0.042056567,0.268509553,0.120427648,0.389957263,0.852426706,0.752979954,0.690180157,0.695156695,0.077942982,0.516426482,0.828794316,0.053213134,0.717132461,0.701300568,0.913486247,0.544146215,0.926380245,0.165156218,0.602253033,0.072347636,1.155942407,0.661418834,0.882272072,0.888192268,0.724457073,0.093290408,0.799640839,0.14093395,0.517674524,0.104815561,0.320985308,0.112877147,0.51258623,0.120462431,0.47584916,0.497338461,0.494934053,0.598629903,0.053549116,0.593242574,0.67997661,0.048371882,0.005077044,1.277743568,0.17164741,1.087203945,0.771041234,0.145417144,0.390875735,0.448530844,0.518901918,0.847949821,0.55534756,0.362587462,0.333108177,0.154244335,0.278379214,0.80150125,0.104242422,0.50510276,0.528824862,0.458132492,0.800471179,0.749554952,0.35004813,0.738282676,0.609363234,0.155240031,0.638063806,0.749794714,0.27812716,0.727288912,0.080013064,0.267889248,0.723020187,0.869961501,1.081092339,1.504760901,1.313721955,0.206286202,0.445733035,1.16983451,0.933861382,0.508332197,0.939457202,1.177650224,0.525665903,0.687614068,0.889581805,0.002554996,0.700106842,1.364064651,0.001823354,0.76505454,0.016406258,1.050712469,1.203965299,0.616104984,0.228167344,0.872852136,1.39490306,0.476175511,0.956899389,0.606123942,1.032606286,0.898392351,0.784103337,1.337619628,1.932785775,1.033357778,0.988570197
Marinoscillum,0.765098994,0.518586128,0.098555513,0.601353385,0.582610858,0.640237937,0.326401507,0.25472447,0.092516007,0.166770899,0.116932624,0.112934743,0.078798939,0.07058168,0.261193078,0.082319256,0.386763584,0.285710625,0.054642913,0.356817716,0.469304437,0.240918194,0.903644635,0.359369271,0.047313635,0.391759841,0.140354527,0.478988604,0.39418576,0.787077159,0.578533364,0.807488808,0.142330664,0.808767659,0.784385064,0.092340438,0.681182865,1.053387943,0.449926061,1.134876899,0.615297048,0.15261271,0.437608318,0.144695271,0.88098918,0.68157819,0.572546862,0.601678633,0.79922902,0.183836981,0.981762427,0.335506943,0.969370924,0.164369858,0.580151218,0.304056457,1.752478414,0.186986461,1.956158165,1.188949762,1.014917125,0.659843184,0.039666011,0.679240885,1.18118787,0.045953288,0.045693397,0.416990174,0.216178579,0.547395804,0.529090567,0.17999805,0.654333644,2.183304146,1.65236192,1.194873582,1.122481522,2.530003243,1.415709751,0.368617815,0.387171089,0.735613011,0.08,0.805154496,1.021179044,0.436804163,0.764775698,1.370748616,0.680843616,1.750895655,0.824386949,0.21152589,0.775253996,0.733641149,0.278127161,0.585747986,1.580666232,0.551959725,0.625,0.659102964,1.086299916,0.571044231,0.423739728,0.454013833,0.572643134,0.536631403,0.706856931,0.322374515,0.309137625,0.370381738,0.462162638,0.31569082,0.945917619,0.005109992,0.455491199,0.314561135,0.014586828,0.314788067,0.00965074,0.262278304,0.276532659,0.696198635,0.437175601,0.520825819,0.394914609,0.399955998,0.268927262,0.397115684,0.48906261,0.115582642,0.421971402,0.272204363,0.244894885,0.835815089,1.048091439
Massilia,0.033310432,0.052550061,0,0.021917208,0.046053305,0.027394044,0.015703165,0.032711984,0,0,0,0,0,0,0.024208139,0.001193033,0.0056877,0.030749126,0.001734696,0.008810314,0.022892899,0.024362514,0.066120339,0.029336267,0.000876178,0.016139918,0,0.016025641,0,0.012786452,0.010149708,0.01953602,0,0.037347551,0.028892765,0,0.01983426,0.025867644,0.018878017,0.032708242,0.032384055,0.005226463,0.0097487,0,0.015455951,0.009599693,0.037199372,0.026965989,0.029077979,0,0.021176929,0.002103492,0.015225721,0,0.004755338,0,0.023756225,0,0.022896508,0.02331274,0.007773833,0.0387084,0,0.034982363,0.037590845,0.000806198,0,0.006693261,0,0.030350659,0.037657692,0,0.011496345,0.08561977,0.027517526,0.024780269,0.031199301,0.015059543,0.046265025,0.005228621,0.017065392,0.043369475,0,0.038564643,0.046022525,0,0.034803095,0.055279678,0.02712873,0.027199888,0.074520854,0.001815673,0.049181389,0.043076178,0,0.030266613,0.108589157,0.000898957,0.022321429,0.037410385,0.008332118,0.013188089,0.006439814,0.051571551,0.058811998,0.018655897,0.023748158,0.083286066,0.076280713,0.097199628,0.029987652,0.069057367,0.022272299,0,0.004217511,0.037689353,0,0.023907954,0,0.043179964,0.031946011,0.073932598,0.003483471,0.050495578,0.048498285,0.022001509,0.047363309,0.038666527,0.026607033,0.023266636,0.006190289,0.023402185,0.024489488,0.031427246,0.032779815
Mesonia,0,0.001382896,0.026878777,0,0.000731005,0.006261496,0.017946475,0.004826358,0,0.003291531,0,0.000742992,0.001382438,0.001238275,0,0.014316392,0,0,0.010408174,0.013215471,0.01144645,0.056845866,0.01202188,0,0.028913889,0.001467265,0.000866386,0,0,0,0.010149708,0,0.109289617,0.012234543,0,0.082949886,0.001859462,0,0,0.000991159,0,0.31463305,0,0.048537021,0.002440413,0.010559662,0.000808682,0.009269559,0,0.0695105,0.001694154,0.085191418,0,0.05836321,0,0.282701323,0,0.261601251,0.062716521,0.001295152,0.029367815,0.003600781,0.019833006,0.002915197,0.002506056,0.004837188,0,0.000669326,0.008096576,0.002167904,0,0.00266007,0.003832115,0.008756567,0.014413942,0.007743834,0.004159907,0.006950558,0,0.172544509,0.043730068,0.007506255,0.256969697,0.095000705,0,0.04095039,0.013385806,0.002810831,0.034129693,0.005439978,0.002328777,0.085336626,0.007765482,0.001346131,0.040744743,0.007121556,0.00081646,0.003595829,0.013586957,0.009522643,0.003124544,0.01186928,0,0,0.002063579,0.002194811,0,0,0,0,0,0.010851872,0.006550676,0.067707402,0,0,0.069287433,0,0.077205918,0,0.002994939,0,0.001741735,0.001442731,0,0,0,0,0,0.001501073,0,0.001231694,0,0.001496536,0.003450507
Methylophaga,0.003122853,0.001382896,0.016923674,0.001369825,0.002193015,0.012522991,0.011216547,0.009116455,0.002450755,0.002194354,0,0,0,0.014859301,0.001274113,0.011930327,0.00341262,0.014093349,0.055510261,0.139496637,0.019077416,0.204374425,0.038069286,0.0220022,0.523078541,0.039616163,0.067578105,0.060541311,0,0,0,0,0.072859745,0.012234543,0.001070102,0.056343319,0.008677489,0.001437091,0.00839023,0.001982318,0.000981335,0.003135878,0,0.005494757,0.001626942,0.000959969,0.002426046,0.1247177,0,0.016463013,0.002541231,0.015776188,0,0.00595543,0,0.00813529,0.003654804,0.096190151,0.001991001,0,0.009501352,0.003600781,0.06445727,0.01894878,0.000835352,0.158014818,0.018615829,0.002677304,0.02024144,0.029266706,0,0.147190523,0.003832115,0.000972952,0.026207168,0.003097534,0,0,0.0009253,0.009585806,0.125857269,0.001668057,0.041212121,0.024455627,0.001736699,0.042656657,0.006246709,0.026234423,0.042880896,0.122788066,0.000776259,0.179751616,0.024590694,0.001346131,0.12577725,0.024035252,0.026943174,0.053937433,0.102872671,0.015644343,0.013539692,0.052752354,0.199634219,0.003683682,0.002063579,0.01536368,0.007683228,0,0.003211819,0.006138924,0.021167754,0.006905737,0.024892569,0.012774981,0,0.023193448,0.049230545,0.023907954,0.085891584,0.003198516,0.005989877,0.001540262,0.013933884,0.002885462,0,0.003928841,0.001605536,0,0,0.005253756,0.008253719,0.001231694,0.011302841,0.005237874,0.00517576
Microbacterium,0,0,0.00099551,0,0,0,0,0,0,0,0,0,0,0,0,0.008351229,0.00682524,0.143495919,0.233316565,0.565328478,0.002543655,0.01353473,0,0.004889378,0.013142677,0,0.000866386,0,0,0,0.007612281,0.001628002,0.536281611,0.045718554,0,0.388142862,0,0,0,0,0,2.151212017,0,0.078758185,0,0.010559662,0,0,0,0.042072145,0,0.043121582,0,0.055981038,0,0.121012437,0,0.049443535,0.021901007,0.001295152,0.000863759,0.000900195,0,0,0,0.000806198,0.000846174,0.000669326,0.015383494,0,0.000941442,0.034580906,0.008622259,0,0,0,0,0,0,0.240516588,0.058662287,0,0.167272727,0.046089451,0,0.005971932,0.003569548,0,0.007876083,0,0,0.008170528,0,0,0,0,0,0,0,0,0,0,0,0,0.001031789,0,0,0.012205717,0.008832504,0.030694619,0,0,0,0,0,0,0,0,0,0,0,0,0,0,0,0,0,0,0,0,0,0,0,0,0
ML635J-21(undef),0.055170404,0.045635579,0.00099551,0.002739651,0.054825363,0.06965914,0.019068129,0.00536262,0,0,0,0,0,0,0.003822338,0,0.00910032,0.048686115,0,0.005873543,0.012718277,0.010827784,0.010018233,0.007334067,0,0,0,0,0,0.02273147,0.017761989,0.01953602,0,0.020605545,0.010701024,0,0.012396412,0.017245096,0.016780459,0.012885065,0.02158937,0.001045293,0.007582322,0.000915793,0.005694298,0.009599693,0.006469456,0.004213436,0.011631192,0,0.014400312,0,0.005921114,0,0.005944172,0.001016911,0.01005071,0,0.008959503,0.010361218,0.004318796,0.028806251,0,0,0.065157464,0,0.002538522,0.000669326,0,0.001083952,0.041423461,0.00088669,0.001916058,0.050593501,0.038000393,0.103767375,0.081811501,0.030119086,0.078650542,0.012200117,0.023464915,0.030859049,0,0.005643606,0.102465244,0,0.031233547,0.090883538,0.02537849,0.059062614,0.048128052,0.000907836,0.064712354,0.078075572,0,0.068544977,0.056335728,0,0.036878882,0.026527364,0.004166059,0.027694986,0.007727776,0.024864855,0.01754042,0.001097406,0.006286277,0.02369345,0.012847278,0.008185232,0.00176398,0.025649879,0,0.001277498,0.001405837,0.020294267,0,0.008965483,0.00482537,0.012794064,0.030947698,0,0,0.002885462,0.003464163,0.010214986,0.00401384,0.129585119,0.051947065,0.028520392,0.012380579,0.017243715,0.016954261,0.00673441,0.008626267
MWH-UniP1 aquatic group,0.01040951,0.001382896,0,0.004109476,0.000731005,0.080616758,0.00224331,0.011797765,0,0,0,0,0,0,0.015289351,0.002386065,0.014788019,0.038436407,0,0.007341929,0.089027942,0.023009041,0.020036466,0.034225644,0,0.004401796,0,0.005341881,0,0.004262151,0,0.016280016,0.000847206,0.025756932,0.012841229,0,0.020454081,0.053172379,0.108024206,0.050549102,0.069674785,0.00836234,0,0,0.008134711,0.005759815,0.011321548,0.004213435,0.001661598,0,0.016941543,0,0.006766988,0,0,0,0.021015121,0,0.032851511,0.202043751,0.222849888,0.13142852,0,0,0.121961407,0.000806198,0,0.047522155,0,0.033602515,0.066842402,0.00088669,0,0.043782837,0.038000393,0.04104232,0.031892618,0.026643807,0.049966227,0.006100059,0.006399522,0.020016681,0,0.020693223,0.065126215,0,0.007139096,0.062775227,0.02625361,0.041188402,0.128858977,0.000907836,0.143661425,0.162881796,0,0.064984199,0.050620509,0,0.003881988,0.068018882,0.012498177,0.088360193,0.032199067,0.056176153,0.057780208,0.05157807,0.009080178,0.042361016,0.087522081,0.085944934,0.022931734,0.110491787,0.036683785,0,0.116684474,0.095672973,0,0.034865767,0,0.167922084,0.156735118,0.084714435,0.001741735,0.070693809,0.041569959,0.025144581,0.040941165,0.176611977,0.036743046,0.123838545,0.013412294,0.104693986,0.011302841,0.017210159,0.014664654
Nitrospina,0.047883747,0.037338201,0.56544982,0.104106736,0.013889092,0.019567175,0,0.003217572,0,0.448745379,0.005456856,0.000742992,0,0.000619138,0.04459394,0.553567169,0.183143933,0.097372231,0.511735216,0.039646412,0.044513971,0.207081369,0.104189625,0.034225645,0.245329968,0.083634123,0.875916203,0.097934473,0.012318305,0.102291617,0.131946206,0.109076109,0.755708053,0.108823037,0.088818499,0.699596205,0.073758654,0.05317238,0.02412191,0.022796654,0.036309395,0.363761798,0.103986135,0.559549429,0.047181323,0.263031583,0.088146338,0.091852901,0.131266305,0.776505451,0.16433297,0.730963399,0.211468352,0.870683803,0.191402349,0.62641732,0.109644114,0.585231666,0.120455541,0.024607893,0.010365112,0.031506837,1.324844807,0.182199807,0.008353521,0.77798112,1.728733532,0.006023935,0.653393679,0.007587664,0.020711731,0.934571153,0.174361235,0.037945126,0.034069318,0.04336547,0.029119347,0.038228072,0.035161419,0.540290885,0.098126006,0.068390325,0.421818182,0.126981142,0.022577087,0.590368127,0.185616505,0.019675818,0.480441062,0.036525564,0.007762589,0.565582105,0.012942471,0.013461306,0.701518183,0.015133307,0.004082299,1.438331536,0.180512422,0.002040566,0.087487241,0.013188088,0.02833518,0.014734729,0.084606734,0.019753303,0.071244473,0.0344632,0.021679781,0.030694619,0.07585112,0.017757609,0.091709464,0.541659215,0.005623348,0.013046314,1.289110935,0.019923296,1.243015278,0.003198516,0.030947697,0.023103936,0.529487581,0.012984577,0.018475537,0.212157405,0.025688574,0.015675619,0.043711554,0.00450322,0.067061469,0.008621858,0.018838069,0.05686835,0.038818202
NS10 marine group,0,0,0,0,0.000731005,0.002348061,0.039257913,0.037538343,0.001225378,0.001097177,0.000779551,0.012630859,0.055297501,0.038386528,0,0.001193033,0.069389937,0,0,0,0,0.002706946,0.046083873,0.183351669,0,0.136455674,0,0.185185185,0.118255728,0.10513305,0.08627252,0.039072039,0,0.045718554,0.083467988,0.001565092,0.062601883,0.002874183,0.007341451,0.011893906,0.002944005,0,0.145147314,0,0.02277719,0.030719017,0.166588494,0.110392018,0.06895635,0,0.046589244,0.001051746,0.084587341,0,0.087973751,0,0.039289141,0,0.05773902,0.022017588,0.003455037,0,0.001983301,0.033524765,0.003341408,0,0,0.015394501,0,0.091051976,0,0,0.039279179,0.092430434,0.146760139,0.087505324,0.207302023,0.110050507,0.001850601,0.000871437,0.008532696,0,0,0,0.008683495,0,0.006246709,0.05340579,0.016627286,0.033417005,0.011643883,0,0.042710153,0.021538089,0,0.030266613,0.04980405,0,0.029114907,0,0.011456663,0,0,0,0.016508631,0,0.050290216,0,0,0,0,0,0.009170946,0,0.073103526,0,0,0.006973153,0,0.001599258,0.001996626,0.030805249,0,0.09089204,0.001154721,0.003928841,0.004816608,0,0,0,0.014444009,0,0.001883807,0.000748268,0.000862627
NS2b marine group,0.400766141,0.434229449,0.017919184,0.123284294,0.394011609,0.458654562,0.293873523,0.542697182,0.386606622,0.168965253,0.53944917,0.954744374,0.645598319,0.462495743,0.336365721,0.047721308,0.184281473,0.179369899,0.018214305,0.076356053,0.29379221,0.133993828,0.360656395,0.354479893,0.021028282,0.259705961,0.168078875,0.25462963,0.372012811,0.412007898,0.449124588,0.325600325,0.065234888,0.440443535,0.483151237,0.048517858,0.290695873,0.613637996,0.374413994,0.456924237,0.214912366,0.044947579,0.422443674,0.037547507,0.717481494,0.281270999,0.370376361,0.440725385,0.567435987,0.076827395,0.391349647,0.100967607,0.354420958,0.113153162,0.424413905,0.20643298,0.614920737,0.07461479,0.770517262,0.8651617,0.49838909,0.235851179,0.013883103,0.546599422,0.627349428,0.014511564,0.071078618,0.427699393,0.257471116,0.533304427,0.401995857,0.151623971,0.678284363,0.696633585,0.602764855,0.269485421,0.34388563,1.102821926,0.511691171,0.216116354,0.344507611,0.275229357,0.021818181,0.166486385,0.284818646,0.160389029,0.175800248,0.658671414,0.357924215,0.825322318,0.52940857,0.179751615,0.45039798,0.687872712,0.278127159,0.340944498,0.427008491,0.489032722,0.22224379,0.840033193,0.484304372,0.764909134,0.160995337,0.107747704,0.157863782,0.466397436,0.436547018,0.084004049,0.137305284,0.18519087,0.114658671,0.168697283,0.142804738,0,0.222122251,0.126114371,0.007293415,0.181301987,0.000965074,0.119944346,0.112809352,0.243361468,0.195074373,0.324614432,0.106234338,0.111579079,0.216747345,0.10659421,0.409875011,0.066797761,0.077378619,0.06527978,0.056514204,0.374133881,0.590036663
NS4 marine group,1.890367038,1.566821551,0.007964081,0.223281554,2.057047618,1.184988063,0.69430424,0.636543041,0.009190332,0.009874593,0.031961585,0.157514248,0.233631942,0.169643686,0.516015595,0.033404917,0.371975566,0.729010519,0.002602044,0.130686323,0.67534053,0.374912023,0.212386543,0.689402273,0.01664739,0.642662207,0.024258807,0.65883191,0.379403794,0.725986332,0.751078407,0.547008546,0.011860887,0.614302824,0.781174757,0.006260368,0.518170041,0.777466407,0.732047532,0.537208106,0.569174305,0.071079893,1.634532063,0.003663172,1.112828439,0.679658251,1.161267366,1.263188052,1.064254026,0.005487671,1.07070553,0.054690787,0.525287384,0.00595543,0.362594514,0.007118377,1.02517246,0.001797947,1.200573407,1.646138504,0.960500288,1.020821518,0.002974951,0.137014255,1.349928995,0.004837188,0.005077044,1.038124816,0.015383494,0.692645384,1.351911128,0.00532014,0.248129449,1.522669779,1.261875123,0.598598364,0.774435986,0.962652333,1.124240096,0.18387319,0.078927439,1.088407005,0.009696969,0.292526925,0.983840015,0.01109073,0.406928492,1.822355477,0.659840728,1.297823231,1.821103375,0.042668311,1.41461205,1.533242693,0.042516255,0.90621801,2.553069889,0.007191657,0.569681677,2.661578853,0.465557107,1.285838632,0.461090648,0.405205042,0.281678514,1.455160001,1.190900264,0.652646847,0.753171674,0.589336689,0.100546834,0.700439008,0.131013519,0,0.619974132,0.372544757,0,0.460228121,0.003860296,0.414207807,0.476195231,0.515987924,0.024384296,0.802158324,0.282906664,0.139866733,0.536248986,1.578012333,1.567280952,0.644710969,0.276499599,0.654029488,0.544420165,1.143353138,1.486305801
NS5 marine group,1.252264069,0.648578382,0.066699185,1.019150158,0.920335093,2.125777796,2.02458667,2.959630193,0.048402414,0.053761672,0.068600473,0.39081365,0.181099317,0.196885737,0.398797237,0.057265571,0.885006086,0.512485427,0.022551044,0.211447536,0.432421434,0.254452924,0.899637341,0.22980076,0.02190446,0.277313142,0.116962106,0.30982906,0.980537078,1.079744839,1.149454451,0.665852667,0.061846063,0.924673854,0.430181167,0.035997119,0.364454525,0.944169003,1.078144501,0.712643223,0.706561204,0.112891596,2.25194974,0.082421358,1.458553648,1.27003936,1.158841319,1.248862373,0.808367813,0.062193606,0.899595943,0.18510728,0.562505814,0.071465156,0.750154546,0.200331512,0.522636941,0.096190149,0.630151716,1.951794432,1.161756196,0.886692411,0.109081532,1.297262632,1.146103082,0.077395011,0.209004984,1.900216863,0.174886041,2.01398298,0.961212578,0.162264253,1.014552456,1.022572485,1.023389896,1.245982886,0.781369164,0.435568323,0.960461907,0.238773715,0.507695424,0.951626353,0.054545452,0.773174057,1.879976728,0.203045683,1.503672174,1.664011996,0.784982937,1.449365464,1.811788267,0.184290797,1.581569917,2.313998412,0.260412056,1.841812434,2.360385369,0.258000718,1.286878882,2.953379857,1.873685088,2.513649672,2.014373664,0.692532254,0.936864803,1.294938764,2.02418121,0.455919413,0.390236069,0.394937436,0.672076205,0.607704829,0.725814903,0.002554996,0.902547373,1.116184675,0,0.743138915,0.005790444,0.962753282,1.111122204,0.552954222,0.402340892,0.569878665,0.315238853,0.539822732,0.395764597,4.638938238,2.816544506,1.284918715,0.981160885,1.688652405,1.004069024,1.795842625,1.833081731
NS7 marine group,0.283138675,0.319449054,0.00199102,0.021917206,0.187137239,0.176104567,0.013459856,0.024668053,0.000612689,0,0.003897754,0.071327206,0.425790755,0.385103552,0.279030655,0.003579098,0.091003197,0.349771304,0.001734696,0.041114798,0.237831788,0.073087542,0.080145866,0.146681335,0.003504713,0.032279836,0.010396632,0.037393162,0.41882237,0.173327462,0.13702106,0.115588117,0.003388825,0.104959497,0.134832903,0.001565092,0.114666816,0.165265502,0.161511919,0.137771082,0.152106925,0.017769975,0.134315425,0.003663171,0.482388353,0.087357205,0.067929288,0.079212593,0.098034328,0.003658448,0.151626811,0.008413968,0.016071594,0.004764344,0.099862095,0.009152201,0.05756316,0.011686654,0.086608529,0.431285698,0.285040554,0.307866808,0.008924852,0.088913505,0.62818478,0.001612396,0.018615828,0.36946802,0.008906234,0.27532383,0.261720957,0.007093519,0.101551048,0.390153727,0.342003538,0.281101173,0.188582441,0.500440202,0.272963646,0.040086099,0.065061808,0.095079232,0.001212121,0.047970652,0.243137868,0.021328329,0.100839737,0.262344233,0.116391004,0.249461831,0.313608596,0.014525383,0.442632499,0.341917159,0.007086043,0.192282014,0.868713259,0.011686444,0.155279503,0.460487832,0.081238152,0.320470551,0.070837949,0.081041009,0.071193471,0.192046004,0.173221858,0.214677016,0.176650073,0.245556954,0.0776151,0.164751146,0.1637669,0.010219985,0.236180622,0.127563963,0.003646707,0.110574289,0.006755518,0.174319116,0.321456738,0.240280945,0.01915909,0.284217968,0.155887345,0.02593035,0.207916898,0.05747727,0.060182575,0.05103649,0.033014878,0.082523496,0.058398012,0.075575044,0.106965709
Oceanobacter,0.125955073,0.161798872,0.004977551,0.02739651,0.187868244,0.335772708,0.059447698,0.033784508,0.001838066,0.001097177,0.000779551,0.001485984,0.001382438,0.005572238,0.082817318,0.046528274,0.056876998,0.166557763,0.099744999,0.211447535,0.186958679,0.452059985,0.138251617,0.858085809,8.148459678,0.25970596,0.592607995,0.277777778,0.009854644,0.150595991,0.24866785,0.138380138,0.024568984,0.110754807,0.112895804,0.012520738,0.07933704,0.106344758,0.068170615,0.152638465,0.072618791,0.020905851,0.253466205,0.066852877,0.110632067,0.213113181,0.12858044,0.152526376,0.08307994,0.050303651,0.072001559,0.071518721,0.058365265,0.008337601,0.063008226,0.023388958,0.108730413,0.042251749,0.143352049,0.089365505,0.08032961,0.045009767,0.090240178,0.123895869,0.175423941,0.168495392,0.042308701,0.352734866,0.102016857,0.16584467,0.043306345,0.168471081,0.087180618,0.101187001,0.123173688,0.039493553,0.074185005,0.038228071,0.051816828,0.042700409,0.088526724,0.082568807,0.143030303,0.11663453,0.224902528,0.014503264,0.135642831,0.459102408,0.081386191,0.254124669,0.324476219,0.017248892,0.301559568,0.366147509,0.177151057,0.147772288,0.219627694,0.011686444,0.145574534,0.221741555,0.230174766,0.27563105,0.060534247,0.18234227,0.141355152,0.284228085,0.18160356,0.0344632,0.052995022,0.022509387,0.021167754,0.105559118,0.210931768,0.122639823,0.068886015,0.049286076,0.109401211,0.111570454,0.016406258,0.060771802,0.079865028,0.141704147,0.137597101,0.157257657,0.070437986,0.019644204,0.061010364,0.296791723,0.162176202,0.105825665,0.137218084,0.119474313,0.395599427,0.20727017,0.225145568
OM27 clade,0.058293257,0.074676402,0.005973061,0.041094765,0.006579044,0,0,0,0,0.003291531,0,0,0,0,0.011467013,0.001193033,0.228645531,0.021780631,0.000867348,0.187953364,0.049601282,0.020302095,0.136247971,0.041559712,0.000876178,0.017607184,0.00866386,0.024928775,0,0.019890037,0.010149708,0.032560033,0.005930444,0.034127935,0.035313379,0.006260369,0.036569417,0.011496731,0.076560845,0.018832018,0.04317874,0.014634095,0.012998267,0.005494757,0.002440413,0.021119324,0.027495188,0.016011056,0.019108386,0.005487671,0.016094466,0.002103492,0.007612861,0.017866289,0.008321841,0.014236757,0.021928823,0.000898973,0.018914506,0.014246675,0.009501352,0.020704493,0,0.016033583,0.003341408,0,0,0.002677304,0.010525549,0.019511138,0.017887404,0.004433449,0.064187927,0.042809885,0.052414335,0.013164518,0.026346077,0.022010101,0.03793732,0.017428738,0.033064198,0.019182652,0.002424242,0.057376664,0.062521166,0.001706266,0.044619352,0.000936944,0.012251685,0.003885698,0.005433812,0.005447019,0.020707953,0.040383916,0.021258127,0.016023501,0.017145656,0.000898957,0.01552795,0.010202832,0,0,0.001287963,0.012892888,0.001031789,0,0.000698475,0.027283366,0.052192067,0.008185232,0,0.000986534,0,0,0.008435022,0,0,0.00199233,0,0.001599258,0,0.00616105,0.015675619,0.008656385,0.01039249,0.004714609,0.012041519,0,0.001267002,0.009756976,0.027856303,0.00615847,0.001883807,0.002244803,0.011214147
OM43 clade,0.145733142,0.127226463,0.003982041,0.064381797,0.139621924,0.101749306,0.096462301,0.063815183,0.033085194,0.002194354,0.024166076,0.012630859,0.015206813,0.016097576,0.072624417,0.014316392,0.039813899,0.069185533,0.001734696,0.032304484,0.066135043,0.029776406,0.088160452,0.063561912,0.000876178,0.055756081,0.007797474,0.062321937,0.056664203,0.110815918,0.0938848,0.076516077,0.011013682,0.074695102,0.090423653,0,0.084915426,0.09772221,0.090194968,0.067398802,0.100096171,0.007317048,0.090987868,0.010989514,0.091108761,0.056638187,0.081676883,0.070785722,0.078095143,0.005487671,0.084707716,0.031552377,0.068515746,0.009528687,0.068952399,0.002033822,0.084974188,0.004494867,0.095568032,0.090660657,0.166705536,0.14493145,0.007933202,0.099116695,0.12697352,0.012899169,0.023692873,0.087012396,0.006477261,0.088884071,0.11956317,0.005320139,0.057481726,0.100214049,0.107449387,0.065048205,0.081811501,0.033594365,0.079575842,0.013942991,0.052262764,0.110091743,0.008484848,0.087475897,0.093781749,0.012796997,0.082991995,0.123676567,0.042880896,0.101028156,0.186302135,0.014525383,0.152721155,0.086152355,0.012400574,0.083678284,0.102873939,0.027867674,0.089285714,0.027887742,0.11769117,0.094954237,0.146827748,0.058017995,0.09079747,0.063649533,0.085213978,0.134262882,0.106792998,0.128917401,0.109366732,0.144033937,0.116602034,0.016607476,0.20384637,0.065231572,0.014586828,0.050804403,0.020266553,0.063970318,0.070880213,0.103197585,0.050510328,0.147158542,0.085449359,0.041645713,0.107570905,0.02403595,0.062716579,0.025518245,0.057776035,0.065279779,0.062165625,0.067344099,0.051757601
OM60(NOR5) clade,0.162388357,0.175627834,0.00099551,0.032875811,0.163014079,0.217586976,0.319671579,0.39951522,0.009803021,0.001097177,0.012472813,0.013373851,0.022119,0.029718602,0.217873251,0.017895489,0.137642335,0.155026841,0.000867348,0.041114798,0.189502334,0.050078501,0.042076579,0.193130424,0.000876178,0.054288816,0.002599158,0.039173789,0.278393693,0.117919502,0.124333925,0.087912089,0.001694412,0.115906193,0.081862833,0.003130184,0.080576682,0.136523676,0.212902076,0.186337865,0.201173675,0.01986056,0.094237435,0,0.102497356,0.092157051,0.089763702,0.083426029,0.06729475,0,0.052518785,0.004206984,0.016071594,0.001191086,0.071330068,0.002033822,0.075837178,0,0.091586032,0.584113663,0.342048664,0.138630083,0.004958252,0.04664315,0.162058308,0.00403099,0.00423087,0.304543386,0.003238631,0.189691616,0.19299567,0.00088669,0.021076633,0.173185444,0.123173688,0.13706586,0.131730383,0.249061675,0.102708354,0.014814428,0.02133174,0.111759799,0.001212121,0.028218031,0.161513012,0.002559399,0.079422447,0.191136512,0.063883784,0.149987954,0.192512207,0.002723509,0.238141461,0.3701859,0.007086043,0.350736636,0.135532332,0.008090614,0.085403727,0.396550083,0.149978129,0.386410994,0.417299915,0.153793732,0.154768416,0.32153988,0.189985262,0.12708305,0.205556447,0.160635173,0.03704357,0.195333694,0.058956083,0.002554996,0.361300118,0.35370008,0.001823354,0.257010509,0.000965074,0.607718019,0.730765007,0.190992546,0,0.184669542,0.128174039,0.048717626,0.240830384,0.368899571,0.326252906,0.818084931,0.179518395,0.469275394,0.389948008,0.21026324,0.247573863
OM75 clade,0.131159827,0.105100122,0,0.213692775,0.139621925,0.171408445,0.197411221,0.261695876,0.00490151,0.002194354,0.002338653,0.002228975,0.020736563,0.008048789,0.284127106,0.022667621,0.444778123,0.10762194,0.000867348,0.224663005,0.151347502,0.071734069,0.180328197,0.547610317,0.002628535,0.315462041,0.002599158,0.331196582,0.236511456,0.23725972,0.177619893,0.141636142,0.004236031,0.202835838,0.156770004,0,0.17912816,0.139397859,0.208706961,0.135788765,0.187434986,0.027177606,0.270797227,0.001831586,0.137476613,0.274551214,0.223196235,0.16600937,0.222654238,0.001829224,0.18466282,0.028397139,0.230923441,0.001191086,0.416092064,0,0.138882543,0.000898973,0.134392545,0.19038738,0.101923591,0.118825786,0.002974951,0.071422325,0.161222955,0.000806198,0.002538522,0.41431287,0.001619316,0.315430058,0.114855959,0.00266007,0.104425135,0.147888695,0.146760139,0.211406667,0.203142116,0.12511005,0.121214364,0.048800467,0.188785904,0.128440366,0.01090909,0.116634529,0.283081946,0,0.207033795,0.168649865,0.036755055,0.087039643,0.1265302,0.001815673,0.139778683,0.150766622,0,0.178038901,0.09634226,0.000898957,0.114518634,0.292481193,0.241631429,0.245298446,0.327142527,0.221020932,0.195008204,0.302883981,0.13899657,0.241242399,0.197526899,0.216908644,0.139354384,0.17067035,0.051095273,0,0.246021481,0.101471333,0.001823354,0.165363352,0.003860296,0.127940635,0.132775609,0.140163884,0.13063016,0.141387619,0.145494855,0.279733469,0.247252527,0.216323545,0.387068982,0.395532806,1.180281865,0.426166106,0.316479542,0.428757427,0.383868881
Opitutae(undef),0.21651781,0.17009625,0.004977551,0.127393771,0.192985278,0.145579776,0.05047446,0.033784508,0,0.013166124,0,0,0.002764876,0.001857413,0.121040695,0.016702458,0.097828437,0.062779465,0.00433674,0.089571525,0.142444707,0.087975745,0.062113046,0.144236646,0.003504713,0.083634123,0.013862176,0.08903134,0.051736881,0.044042224,0.053285968,0.065120065,0.003388825,0.086285722,0.093098909,0.001565092,0.08925417,0.09772221,0.116414435,0.098124727,0.160938941,0.034494653,0.067157712,0.000915793,0.047994795,0.095036958,0.105128661,0.064044225,0.057325159,0.011889954,0.035577241,0.004206984,0.049060657,0.003573258,0.029720862,0.033558071,0.072182375,0.014383574,0.060725521,0.134695833,0.334274831,0.145831646,0.004958252,0.014575985,0.061816055,0.002418594,0.014384958,0.248319992,0.026718701,0.092135928,0.187347015,0.015073728,0.059397783,0.042809885,0.031448602,0.033298486,0.11370412,0.026643807,0.127691467,0.041828972,0.019198566,0.169307756,0.002424242,0.068663875,0.084229905,0.030712793,0.058897545,0.072144665,0.054257461,0.034194144,0.182420841,0.029958602,0.157898143,0.088844617,0.023029638,0.188721236,0.148595689,0.025170802,0.039790372,0.121753798,0.090611786,0.075172105,0.121068494,0.142742686,0.061907366,0.1722927,0.038416137,0.206061216,0.210374177,0.141195249,0.067031223,0.215064371,0.06026622,0,0.316313332,0.214539393,0.001823354,0.072720027,0.002895222,0.139135441,0.188681129,0.064691023,0.006966941,0.086563848,0.183600652,0.058146845,0.231999936,0.041801651,0.107695135,0.219156698,0.118647215,0.108389067,0.118679828,0.134688197,0.193228381
Owenweeksia,0.172797868,0.136906738,0,0.094517958,0.066521441,0.409345282,0.240034099,0.416139342,0.192996968,0.018652009,0.406145979,1.448833874,0.532238443,0.497786583,0.2127768,0.003579099,0.042088979,0.076872814,0,0.026430942,0.166609434,0.062259758,0.084153159,0.078230045,0.000876178,0.044017959,0.005198316,0.103276354,0.455777285,0.213107533,0.13702106,0.140008139,0.002541619,0.156473361,0.233282326,0.003130184,0.199582241,0.225623339,0.132146116,0.244816239,0.147200251,0.021951143,0.146230503,0,0.303424714,0.059518095,0.118876255,0.098594398,0.169483077,0.002743836,0.361701948,0.050483803,0.03721843,0,0.317418803,0.003050733,0.106903011,0.003595893,0.159280054,0.374298998,0.243580109,0.218747468,0.0019833,0.239046147,0.147857322,0.000806198,0.001692348,0.325292495,0.008096576,0.496450057,0.13180192,0.00443345,0.117837538,0.273399495,0.225381642,0.185852015,0.14490342,0.17955609,0.119363763,0.018300176,0.053329351,0.146788991,0.003636363,0.15331797,0.211877284,0.000853133,0.091915866,0.263281177,0.089262273,0.225370502,0.206484866,0.002723509,0.30026532,0.411915947,0.014172085,0.502959896,0.43762247,0.003595829,0.150427019,0.279557606,0.162476306,0.225516314,0.350325855,0.081961929,0.193976414,0.084500241,0.220718172,0.116313298,0.145334833,0.127894247,0.125242547,0.136141666,0.314432449,0,0.23758646,0.179749221,0.001823354,0.130497584,0,0.211102048,0.240593397,0.235660156,0.005225206,0.19909685,0.236717821,0.056575309,0.169384036,0.62911485,0.413676016,0.228913673,0.104203207,0.250033872,0.113028409,0.205025367,0.26913953
Paracoccus,0,0,0.00199102,0.001369825,0.00146201,0,0,0,0,0.005485885,0,0,0,0,0,0.008351229,0.00910032,0,0.009540826,0.004405157,0,0.001353473,0,0,0.013142677,0,0.00433193,0,0,0,0.002537427,0,0.424450375,0.021249469,0,0.167464864,0,0,0,0,0,0.373169431,0,0.129126792,0,0.027839109,0,0.000842687,0,0.189324651,0,0.070466975,0,0.188191574,0.001188834,0.308124104,0,0.113270645,0.091586031,0.002590304,0,0.000900195,0.001983301,0,0,0.001612396,0.000846174,0,0.012954522,0,0,0.010640279,0.003832115,0,0.001310358,0,0,0,0.001850601,0.08191507,0.020265154,0.002502085,0.166060606,0.034802239,0,0.045216056,0.013385806,0,0.048131618,0,0.001552518,0.029050766,0.001294247,0,0.003543021,0.003560778,0,0,0,0,0,0,0,0,0,0,0,0.001435967,0.002408865,0.001023154,0,0.000986534,0,0,0,0,0,0,0.000965074,0,0,0,0,0,0,0,0,0,0,0,0,0,0,0,0
Planctomyces,0.015614265,0.023509238,0.00099551,0.012328429,0.017544116,0.021132548,0,0.001608786,0,0,0,0,0,0,0.011467013,0.001193033,0.00910032,0.016655776,0,0.013215471,0.02798021,0.014888203,0.01803282,0.012223445,0,0.004401796,0,0.008903134,0.02463661,0.029835055,0.020299416,0.037444037,0,0.028332625,0.031568021,0,0.042147802,0.047424014,0.052438935,0.040637513,0.040234735,0.003135878,0.020580589,0,0.061010331,0.038398771,0.031538598,0.04466242,0.019108386,0,0.022871083,0.005258729,0.010996354,0,0.020210186,0,0.031065832,0,0.019910007,0.049215785,0.085512166,0.054911916,0.001983301,0.024779174,0.07935845,0.000806198,0,0.016063827,0,0.033602515,0.022594615,0,0.013412403,0.03016151,0.053724694,0.08440779,0.042985704,0.037069645,0.036086719,0.003485748,0.015998805,0.018348624,0.001212121,0.018812021,0.032128933,0.000853133,0.016062967,0.047784128,0.016627286,0.038856983,0.075297113,0,0.064712354,0.051152961,0.001771511,0.062313616,0.031025474,0,0.026203416,0.022446231,0.043743621,0.056708781,0.056670359,0.027627617,0.042303367,0.016461086,0.033526811,0.041643033,0.03131524,0.066505008,0.054683366,0.05425936,0.064196625,0,0.064668504,0.047836486,0,0.032873437,0,0.025588127,0.040930827,0.044667611,0.010450413,0.057709232,0.055426612,0.016501132,0.036927325,0.03239628,0.039277049,0.00450322,0.021666013,0.014780327,0.067817045,0.042651262,0.036230321
Polaribacter,0,0,0,0,0,0,0.001121655,0.003217572,4.786324787,0.507992935,2.020595733,0.089159008,0.005529751,0.009287063,0,0,0,0,0,0,0,0,0,0,0,0,0,0,0.02463661,0,0,0,0,0,0,0,0,0,0,0,0,0,0,0,0,0,0,0,0,0,0,0.001051746,0,0,0,0,0,0,0,0,0,0,0,0,0,0,0,0,0,0,0,0,0,0,0,0,0,0,0,0,0,0,0,0,0,0,0,0.000936944,0,0,0,0,0,0,0,0,0.00081646,0,0,0.002040566,0,0,0,0,0,0,0,0,0,0,0,0,0,0,0,0,0,0,0,0,0,0,0,0,0,0,0,0,0,0,0,0,0,0,0
Polynucleobacter,0.089521787,0.12860936,0.030860817,0.079449878,0.148393982,0.192540993,0.226574242,0.138355606,0.22669485,0.037304017,0.175398935,0.170145107,0.171422252,0.18883695,0.105751344,0.063230733,0.097828436,0.055092183,0.020816348,0.041114799,0.048329454,0.032483352,0.092167745,0.070895979,0.021904462,0.082166858,0.051116772,0.076566951,0.108401084,0.157699575,0.096422228,0.078144078,0.051679586,0.088861415,0.08453809,0.042257489,0.084295604,0.067543292,0.071316951,0.062443008,0.061824105,0.024041728,0.173310226,0.054031778,0.192792646,0.151675146,0.137475941,0.128088449,0.098034329,0.062193605,0.09233141,0.048380311,0.078666227,0.067891897,0.136715963,0.051862473,0.085887889,0.028767148,0.066698522,0.068643069,0.066509462,0.054911916,0.016858055,0.110777483,0.095230139,0.013705367,0.040616353,0.26237584,0.04372151,0.256896645,0.097909998,0.039901045,0.091012733,0.058377116,0.06420756,0.096797925,0.046452293,0.071822436,0.073098738,0.047929031,0.054395938,0.072560467,0.024242424,0.075248083,0.079019807,0.028153394,0.101732123,0.124613511,0.059508182,0.104136715,0.090822291,0.033589949,0.089303048,0.179035363,0.040744743,0.149552677,0.070215546,0.062028047,0.132958075,0.220381178,0.197887808,0.257167726,0.194482368,0.045125107,0.084606734,0.188753786,0.127820967,0.054566733,0.066645254,0.089014395,0.097018875,0.055245894,0.078608112,0.025549963,0.071697689,0.105820106,0.03646707,0.074712357,0.007720592,0.148730989,0.139763799,0.104737848,0.067927683,0.07213654,0.084294638,0.030644959,0.081079563,0.526700805,0.186882732,0.208649184,0.157852382,0.275899444,0.165774998,0.188563476,0.142333406
Prochlorococcus,11.58058002,7.60039827,0.078645306,12.89279746,5.35241743,4.721950455,1.145209415,0.262768396,0.026958307,0.012068947,0.004677304,0.034920611,0.031796064,0.026622917,11.57913513,1.097590076,5.966397069,10.17539814,0.058979656,6.929311913,11.50749742,6.500730873,4.947003547,7.840117344,0.035047136,7.736889983,0.054582317,9.042022789,0.357230845,0.866637308,1.055569649,2.18966219,0.065234883,2.066349854,12.14673244,0.131467743,9.579947561,9.706114827,10.90834723,8.980890459,14.8623187,2.268284781,4.260181973,0.049452815,4.774261776,1.84506096,7.130957963,6.192065257,1.562733661,0.067681278,2.68184629,0.206142199,1.591933752,0.058363211,0.448190589,0.049828648,6.215907531,0.048544559,5.825667976,2.621388144,5.414042998,14.30680458,0.080323672,5.356674342,7.355275248,0.063689644,0.419702314,5.645096519,0.064772609,2.791176629,13.84108455,0.096649201,4.832297067,8.590192644,7.179453584,5.045882214,6.900592096,1.110930909,9.022605089,1.638301396,4.879635653,13.2235196,0.156363634,12.69717349,6.88340671,0.070810046,7.979724968,5.441768946,1.800997639,4.38306768,6.517469711,0.105309022,7.560991388,4.712803049,0.08503251,4.8622424,7.110548662,0.324523552,6.616847826,3.120706308,2.669402378,2.110094166,5.384972052,19.81360569,10.85132946,8.422588996,4.740551378,15.5945979,18.70884857,10.84338582,7.369906509,13.59443595,5.465884078,0.084314876,9.694652193,6.320214536,0.091167679,6.150321263,0.041498181,1.097090954,1.130090151,3.641180455,2.401853209,5.355416734,16.38433736,7.273070154,19.69751704,1.428571427,5.554534915,2.468514991,10.82991148,1.67140869,3.272172411,9.473069841,10.95794695
Pseudoalteromonas,0.052047551,0.02627503,0.070681227,0.01506808,0.062135412,0.601103589,4.485497005,8.713721875,0.002450755,0.055956027,0.003897755,0.001485984,0.208748065,0.066866856,0.031852815,0.026246719,0.027300959,0.026905485,0.050306174,0.016152243,0.151347502,1.093606193,0.130237031,0.063561912,1.298496478,0.09390498,0.544956768,0.023148149,0.034491254,0.065352977,0.073585384,0.032560032,0.023721778,0.055377404,0.075977271,0.023476383,0.044627084,0.028741827,0.037756034,0.060460691,0.044160075,0.010452926,0.111568458,0.005494758,0.075652812,0.032638955,0.04852092,0.030336737,0.049017164,0.00914612,0.039812626,0.039966346,0.020300962,0.030968235,0.016643683,0.052879384,0.039289141,1.680181232,0.049775017,0.031083654,0.060463149,0.050410939,0.088256878,0.182199807,0.088547322,0.102387153,0.02961609,0.03279698,0.123877611,0.053113652,0.061193748,0.031034147,0.260583824,0.071998444,0.083862936,0.062725055,0.076264959,0.038228071,0.070322837,0.016557302,0.732745288,0.035863219,0.016969696,0.018812021,0.062521167,0.066544383,0.047296513,0.087135764,0.059508181,0.076936826,0.111005023,0.27053526,0.063418107,0.078075571,0.021258127,0.071215562,0.090627042,0.010787486,0.061141304,0.059856618,0.144770555,0.142431355,0.036062955,0.06630628,0.060875576,0.111935384,0.190683736,0.071798333,0.063433435,0.064458701,0.015875817,0.04636709,0.007860812,0.08303738,0.028116741,0.057983619,0.018233536,0.054789063,0.349356778,0.044779223,0.067885274,0.024644199,0.001741735,0.047610117,0.031177469,0.0518607,0.044955004,0.047026857,0.080454601,0.400786562,0.176423251,0.245107098,0.452113632,0.067344099,0.079361657
Pseudomonas,0.149896945,0.08297378,0.039820409,0.032875811,0.0906446,0.125229914,0.077394172,0.349106586,0.088227185,0.002194354,0.138760047,0.23627137,0.167274939,0.138067673,0.062431516,0.081126223,0.068252399,0.122996503,1.352195257,0.464009868,0.751650196,0.146175085,0.084153159,0.100232245,0.382889987,0.134988409,0.053715929,0.144230769,0.103473762,0.061090826,0.081197665,0.043956044,0.00677765,0.105603421,0.055645326,0.007825461,0.044627085,0.061794927,0.045097484,0.064425326,0.036309395,0.017769974,0.093154246,0.018315857,0.091922231,0.065277912,0.075207427,0.062358848,0.059817556,0.116155703,0.063530788,0.193521245,0.037218429,0.009528688,0.089162585,0.041693361,0.0968523,0.667937215,0.094572532,0.076413981,0.076874574,0.072915822,0.152714147,0.053931144,0.113607886,0.162045808,0.220005247,0.152606356,0.322243723,0.118150778,0.084729807,0.234972823,0.214598443,0.104105857,0.10613903,0.154102296,0.10746426,0.090357259,0.138795073,0.166444451,0.161054641,0.06005004,0.01939394,0.046089451,0.135462527,0.045216056,0.079422446,0.136793778,0.230156646,0.133668021,0.142831637,0.117110901,0.15919239,0.114421097,0.030115679,0.08278809,0.208197256,0.851312477,0.417313665,0.088424546,0.088528757,0.105504708,0.069549985,0.09945942,0.088733891,0.107545762,0.158553876,0.059592616,0.084310262,0.117662708,0.029987652,0.078922706,0.044544597,0.015329977,0.05201597,0.024643038,0.010940122,0.060766051,0.001930148,0.036782933,0.026954447,0.052368924,0.006966941,0.054823771,0.055426611,0.029073423,0.055390989,0.145260738,0.111496139,0.094567616,0.050554031,0.071438249,0.118679828,0.082309453,0.113866724
Pseudospirillum,0.003122853,0.002765793,0.00199102,0.469850141,0.002193015,0.034438226,0.118895394,0.219331174,0,0.004388708,0,0,0.001382438,0,0.030578702,0.003579098,0.393588825,0.030749125,0,0.688672873,0.129726429,0.055492393,0.591075758,0.200464491,0,0.079232327,0.006931088,0.103276353,0.071446169,0.177589612,0.182694747,0.468864469,0.00931927,0.485518165,0.321565774,0,0.404742867,0.169576777,0.133194895,0.247789715,0.100096171,0.01254351,0.112651647,0.003663171,0.063450745,0.196793703,0.147180125,0.163481309,0.239270226,0.007316895,0.34899579,0.026293648,0.331582376,0.007146516,0.240144563,0,0.246699255,0.012585627,0.374308127,0.238308013,0.094149759,0.036007814,0.008924853,0.074337522,0.047615069,0,0.005077044,0.022087762,0.006477261,0.312178202,0.001882884,0.00354676,0.128375854,0.12064604,0.099587237,0.093700391,0.477002649,0.537509847,0.031460216,0.040086098,0.316776347,0.068390325,0.006060606,0.413864459,0.031260583,0,0.264146565,0.065586058,0.017502406,0.06916543,0.017077696,0.003631346,0.051769883,0.013461306,0.005314532,0.225219211,0.006531679,0.000898957,0.065023292,0.027887742,0.222884162,0.051433545,0.050230546,0.007367364,0.208421466,0.058162504,0.084515502,0.000717983,0.004014775,0.008185232,0.326336214,0.000986534,0.162456765,0.005109992,0.158859585,0.071029934,0.009116768,0.124520596,0.006755518,0.057573286,0.089848157,0.201774382,0.045285122,0.14427308,0.069283264,0.896561478,0.118809656,0.082558261,0.109595636,0.07805581,0.947114293,0.296838242,0.097957953,0.262641984,0.291567824
Psychrobacter,0.053088502,0.020743445,0,0.043834415,0.029240194,0.023480609,0.020189784,0.013406551,0,0,0,0,0.015206813,0.010525338,0.011467013,0.004772131,0.019338179,0.032030339,0,0.007341928,0.015261933,0.004060419,0.046083873,0.048893778,0,0.042550694,0.000866386,0.058760684,0.041882237,0.090925881,0.045673687,0.034188034,0,0.035415781,0.018191741,0,0.01983426,0.004311274,0.004195115,0.00892043,0.01177602,0.001045293,0.08882149,0,0.039860083,0.054718249,0.091381067,0.059830788,0.05483276,0,0.02371816,0.003155238,0.041447797,0,0.130771791,0.003050734,0.012791813,0,0.010950504,0.009066066,0.012956389,0.008101758,0.00099165,0.040812757,0.02004845,0,0.005077044,0.0896897,0,0.120318682,0.031067596,0,0.034489035,0.038918077,0.03275896,0.042591087,0.049918882,0.038228071,0.039787921,0.006971495,0.052262764,0.035029191,0.002424242,0.01787142,0.03647068,0,0.024986837,0.016864986,0.006125842,0.025645609,0.039589204,0,0.012942471,0.009422914,0,0.022254863,0.040006532,0.058432219,0.02814441,0.025847175,0.09581936,0.017144515,0.025759254,0.062622598,0.027858315,0.051578069,0.082420077,0.007179833,0.006423639,0.002046308,0.022931734,0.000986534,0.026202704,0,0.005623348,0.004348771,0,0.012950142,0,0.009595548,0.012978067,0.023103937,0.01915909,0.011541846,0.012701932,0.015715363,0.012844287,0.011495454,0.049413062,0.031522539,0.095949487,0.038182512,0.084771306,0.06360276,0.075911149
Roseibacillus,0.053088502,0,0.020905715,0.093148133,0,0.098618558,0.005608273,0.001608786,0,0.012068947,0,0,0,0,0.003822338,0.027439752,0.087590577,0.007687281,0.018214304,0.095445068,0.059775904,0.029776406,0.022040113,0.146681335,0.012266498,0.032279837,0.038987368,0.04451567,0,0.008524301,0.005074854,0.016280016,0.022027365,0.035415781,0.011236075,0.018781106,0.017354977,0.02155637,0.047195041,0.01784086,0.03336539,0.017769973,0.038994801,0.0256422,0.016269422,0.051838341,0.017791004,0.01769643,0.014954389,0.032011414,0.016094466,0.019983172,0.00507524,0.015484117,0.011888345,0.034574982,0.014619215,0.025171254,0.012941504,0.002590304,0.004318796,0.034207423,0.047599215,0.013118386,0.072675633,0.020961149,0.101540883,0.14323579,0.038863565,0.09863964,0.000941442,0.035467596,0.018202546,0.084646818,0.068138636,0.031749719,0.063785238,0.062555025,0.061069832,0.067972079,0.027731263,0.113427857,0.023030303,0.059257866,0.05557437,0.020475195,0.091023479,0.115244074,0.070884747,0.039634123,0.172329475,0.020880238,0.247201191,0.142689838,0.033658701,0.123737037,0.115937296,0.149226897,0.038819876,0,0.00208303,0,0,0.008288285,0.006190737,0,0,0.003589917,0,0,0,0.002959601,0,0,0.011246696,0.031890991,0,0.002988494,0,0.004797774,0.010981441,0,0.033092974,0,0.001154721,0.000785768,0,0,0,0,0,0,0,0.002993071,0
Roseobacter clade OCT lineage,0.062457061,0.053932957,0,0.09999726,0.070907469,0.085312879,0.131233596,0.111006242,0,0,0,0.00445795,0,0.000619138,0.025482252,0.001193033,0.085315497,0.039717621,0,0.027899327,0.020349244,0.005413892,0.080145865,0.066006601,0.001752357,0.055756082,0.002599158,0.060541311,0.041882237,0.103712333,0.129408779,0.084656085,0,0.079846489,0.055110274,0.003130184,0.038428879,0.020119279,0.038804812,0.014867383,0.030421385,0.00418117,0.180892548,0.000915793,0.087041406,0.096956897,0.084911611,0.076684532,0.099695927,0.000914612,0.076236944,0.027345393,0.109963543,0.003573258,0.083218413,0.001016911,0.036548038,0,0.053757018,0.047920633,0.024185259,0.026105665,0.00099165,0.093286301,0.044273661,0.001612396,0.006769392,0.069609917,0,0.089968023,0.022594615,0,0.133165998,0.036972174,0.04062111,0.054206838,0.052692153,0.013901117,0.035161419,0.017428738,0.067194983,0.021684737,0.001212121,0.054554861,0.084229904,0.008531331,0.115117929,0.090883538,0.030629212,0.085485363,0.045799275,0.013617547,0.063418107,0.067306527,0.005314532,0.139760538,0.063683867,0.013484358,0.106754658,0.035369819,0.107276022,0.072534487,0.051518508,0.036836822,0.061907366,0.061454721,0.148775224,0.02369345,0.018467962,0.047065083,0.102310813,0.027622947,0.100880411,0.001277498,0.078726874,0.043487715,0,0.089654829,0.000965074,0.04637848,0.023959508,0.024644199,0.085345038,0.047610116,0.039260517,0.057361076,0.019266431,0.024035949,0.077920597,0.077305273,0.095949487,0.100998904,0.205334941,0.059113153,0.062109122
Salinimonas,0.004163804,0.004148689,0.027874287,0.001369825,0.008772058,0.0360036,0.022433093,0.002145048,0.00490151,0.004388708,0,0.009658892,0.001382438,0.010525338,0.002548225,0.005965163,0.00113754,0.028186698,0.038163304,0.079292825,0.020349244,0.127226463,0.028051053,0.017112822,0.323309852,0.045485225,0.049384,0.028490028,0,0,0.002537427,0.001628002,0.049137968,0.009014926,0,0.046952766,0.006818027,0,0.006292672,0.002973477,0,0.003135878,0,0,0.001626942,0,0.000808682,0.064886911,0,0.003658447,0.005082463,0.012620951,0,0.003573258,0,0.004067645,0,0.076412737,0.003982001,0.001295152,0.007773833,0.010802344,0.056524067,0.020406378,0.000835352,0.064495844,0.020308177,0.000669326,0.012954522,0.015175329,0.000941442,0.093102439,0.002874086,0,0.039310751,0.001548767,0.000693318,0,0.01943131,0.010457243,0.105592116,0.000834028,0.031515152,0.015990218,0.004341748,0.034978458,0.003569548,0.029982198,0.021002888,0.062171173,0.001552518,0.155240032,0.027179189,0.002692261,0.120462719,0.014243112,0.042455911,0.04494786,0.136840062,0.019045287,0.005207574,0.036926648,0.087581464,0.005525523,0.010317894,0.00768184,0.005587802,0.000717983,0.00160591,0.001023154,0.007055918,0.013811473,0.014411487,0.008942487,0.001405837,0.018844676,0.03099701,0.026896449,0.058869512,0,0.004991564,0,0.010450413,0.007213654,0,0.003143073,0,0.001045041,0,0.003002147,0.006190289,0.001231694,0.009419034,0.000748268,0.000862627
Salinisphaera,0,0,0,0,0,0,0,0.001072524,0,0.046081432,0,0,0,0,0.001274113,0.002386065,0.00455016,0.001281214,0.016479609,0.048456727,0,0.010827784,0,0,0.003504714,0,0,0,0,0,0,0,0.004236032,0.001287847,0,0.018781106,0.000619821,0,0,0,0,0.021951143,0,0.001831586,0.002440413,0,0,0,0.001661599,0.005487671,0.002541231,0.002103492,0.000845873,0.001191086,0,0.017287491,0.163552469,0.638271094,0.272767093,0.139876442,0.101059833,0.002700586,0.039666012,0.001457598,0,0.001612396,0.00423087,0.004015957,0.051818086,0.004335808,0,0.004433449,0.000958029,0,0,0.009292601,0.000693318,0.011584264,0.001850601,0.116772546,0.007466109,0.018348624,0.109090909,0.016930819,0.007815146,0.006825065,0.005354322,0.074955495,0.258160497,0.033417005,0.15525178,0.296862517,0.03106193,0,0,0.000890195,0,0,0.000970497,0,0,0,0,0,0,0,0,0,0,0,0,0,0,0,0,0,0,0,0,0,0,0,0,0,0,0,0,0,0,0,0,0,0,0,0
SAR202 clade(undef),0.01040951,0.001382896,1.870563757,0.890386566,0,0,0,0.000536262,0,1.054387062,0,0,0,0,0.020385801,1.603435935,0.855430047,0.09352859,1.516123995,1.513905612,0.331947042,0.546803094,0.861568054,0.281139226,0.46086987,0.11591396,1.427804059,0.149572649,0.004927322,0.274198361,0.312103526,0.880748883,1.197949759,0.864145063,0.703057282,1.410148058,0.831179457,0.29316663,0.316731168,0.276533324,0.402347354,0.295817785,0.146230503,1.215257109,0.043113966,0.496304118,0.153649582,0.149155627,0.269179004,1.356369357,0.494693062,1.625999159,0.565889309,1.690150912,0.487422132,1.444013952,0.477865593,0.553767596,0.634133715,0.089365505,0.123517574,0.150332623,0.443267686,0.271113312,0.182106758,0.448246115,0.489934758,0.048860807,0.612101143,0.205950897,0.053662211,1.364615752,0.317107518,0.082700915,0.074690428,0.288070623,0.813261784,0.267596495,0.284992551,0.697149527,1.031389656,0.753961635,1.464242425,1.169167096,0.235322723,0.78744188,0.594329773,0.071207721,0.339546689,0.104136715,0.053561864,0.276890116,0.086714554,0.078075572,0.232067886,0.149552678,0.006531679,0.44768069,0.084433231,0.027207553,0.464515592,0.005275235,0.132660159,0.08380377,0.851226283,0.084500242,0.046797839,0.039489083,0.054600931,0.108454321,1.143058741,0.034528683,0.218792579,0.149467283,0.313501659,0.082626658,0.224272484,0.739154256,0.353217074,0.020790353,0.047919017,0.341938265,1.43693176,0.200539581,0.209004515,3.259366356,0.241633152,0.159891315,0.144438181,0.166619134,1.062666365,0.663883038,0.81192073,0.83207375,1.092085399
SAR92 clade,0.357046197,0.385828078,0,0.008218952,0.331145192,0.138535593,0.022433094,0.016624123,4.414422694,0.929308888,2.644236391,3.65774829,0.897201946,0.79063864,0.416634815,0.025053687,0.022750799,0.623951007,0.001734696,0.030836098,0.217482544,0.129933409,0.01202188,0.019557511,0.003504713,0.002934531,0.001732772,0,0.096082779,0.015627886,0.010149708,0.004884006,0,0.006439233,0.011771127,0.001565092,0.006818027,0.041675648,0.053487714,0.011893906,0.06084277,0.011498218,0.006499134,0,0.054502562,0.033598924,0.008895502,0.01769643,0.002492398,0.001829224,0.009317849,0,0.000845873,0,0.038042702,0.001016911,0.003654804,0.000898973,0.008959503,0.031083654,0.028504055,0.142230863,0.001983301,0.002915196,0,0.001612396,0.000846174,0.164654227,0.001619316,0.056365508,0.353982301,0.00266007,0.005748173,0.056431212,0.035379676,0.001548766,0.009013132,0.001158426,0.018506009,0.001742874,0,0.194328606,0.001212121,0.016930819,0.059047769,0,0.001784774,0.00749555,0.00087512,0.010102816,0.019406472,0,0.027179188,0.008076783,0.001771511,0.015133308,0.258001307,0.000898957,0.003881988,0.068699071,0.017705752,0.044839502,0.021895366,0.135375322,0.008254315,0.238137043,0.076832274,0.218266932,0.196723944,0.141195248,0.00176398,0.146007005,0.00262027,0.001277498,0.104031941,0.011596724,0,0,0,0,0,0.003080525,0.001741735,0.002885462,0.027713306,0.00864345,0.124429031,0.04911694,0.088690111,0.079556884,0.026824588,0.072669943,0.032024715,0.095030006,0.09402631
Sc-EA05(undef),0,0,0.131407353,0,0,0,0,0,0,0.060344733,0,0,0,0,0,0.121689334,0,0,0.117959304,0,0,0.037897244,0,0,0.056075421,0,0.07710835,0,0,0,0,0,0.094039903,0,0,0.145553573,0,0,0,0,0,0.119163348,0,0.068684464,0,0,0,0,0,0.081400454,0,0.003155238,0.000845873,0.05240778,0,0.096606567,0,0.087200417,0,0,0,0,0.038674362,0,0,0.042728497,0.00423087,0,0.147357682,0,0,0.070048502,0,0,0,0,0,0,0,0.074072138,0,0,0.121212121,0.000940601,0,0.10066971,0,0,0.047256498,0,0,0.062640715,0,0,0.170065014,0,0,0.017979144,0,0,0,0,0,0,0,0,0,0,0,0,0,0,0,0.003832494,0,0,0,0,0.026056997,0,0.000998313,0,0,0,0,0,0,0,0,0,0,0,0,0,0
Skagenf62(undef),0.237336831,0.120311981,0.00099551,0.052053368,0.208336379,0.046178531,0.003364964,0.005898882,0,0.004388708,0,0,0.00552975,0.009287063,0.030578702,0.001193033,0.017063099,0.014093349,0,0.017620628,0.05087311,0.009474311,0.042076579,0.0440044,0,0.002934531,0.003465544,0.008903134,0,0.008524301,0.005074854,0.029304029,0.001694413,0.030908318,0.043874199,0.003130184,0.036569417,0.011496731,0.042999927,0.01784086,0.065749446,0.003135878,0.001083189,0.001831586,0.004067355,0.007679754,0.003234728,0.006741497,0.006646395,0.002743836,0.003388309,0,0.000845873,0.003573258,0.004755338,0,0.000913701,0.00269692,0.0009955,0,0.006910074,0.047710353,0.00099165,0.020406378,0.032578732,0,0,0.002007978,0.000809658,0.004335808,0.02071173,0.00177338,0.008622259,0.052539405,0.04848326,0.041816703,0.033279255,0.024326954,0.030534916,0.003485748,0.023464915,0.071726439,0.002424242,0.03574284,0.075546409,0.005971932,0.051758449,0.072144664,0.028878971,0.04585124,0.081507184,0,0.058241118,0.036345525,0.001771511,0.005341167,0.005715219,0.001797914,0.042701863,0.002040566,0.010415148,0.001318809,0.007727776,0.032232219,0.047462314,0.012071463,0.010477128,0.080414133,0.036935924,0.043995621,0.035279591,0.014798007,0.041924327,0,0.043580948,0.049286077,0,0.030881108,0,0.102352508,0.063892022,0.001540262,0,0.001442731,0.003464163,0.00864345,0.005619376,0,0.003167504,0.006004293,0.008253719,0.007390164,0.011302841,0.00673441,0.00776364
Spartobacteria(undef),0.057252306,0.058081646,0.051766533,0.076710227,0.019737131,0.103314679,0.059447697,0.06059761,0.001838066,0.120689466,0.002338652,0.006686926,0.01658925,0.021669814,0.052238616,0.083512288,0.092140737,0.074310387,0.069387826,0.076356054,0.075037837,0.058199339,0.066120339,0.048893778,0.042932745,0.029345306,0.058047859,0.032051282,0.007390983,0.105133051,0.045673687,0.097680098,0.039818698,0.075982949,0.063136042,0.042257489,0.074998296,0.09772221,0.131097337,0.12191254,0.138368236,0.055400504,0.044410745,0.0512844,0.086227935,0.09407699,0.048520921,0.054774665,0.05566356,0.05487671,0.05675417,0.018931426,0.049906531,0.051216695,0.0344762,0.096606567,0.075837179,0.037756882,0.095568033,0.073823678,0.088967204,0.099921683,0.179488705,0.023321575,0.076852393,0.394230847,0.633784344,0.058900699,0.102016857,0.076960598,0.130860478,0.078915401,0.052691582,0.088538626,0.094345803,0.089054091,0.076958276,0.079931422,0.090679448,0.048800467,0.059728873,0.097581318,0.035151515,0.060198467,0.101596895,0.493964083,0.0481889,0.066523002,0.528572678,0.054399776,0.03493165,0.555595904,0.059535365,0.09826753,0.322414924,0.067654783,0.106139778,0.61218986,0.045613354,0.113591533,0.084362698,0.081766149,0.059246285,0.093933897,0.073257049,0.094376893,0.043305464,0.105543549,0.069857074,0.110500629,0.051155407,0.087801509,0.036683786,1.037328495,0.032334252,0.071029934,1.414922326,0.04383125,0.401470773,0.081562155,0.103824536,0.056989711,0.027867768,0.041839193,0.034641632,0.048717627,0.040138397,0.128540078,0.083622104,0.114832105,0.057776036,0.153961744,0.097957954,0.05986142,0.061246495
Sphingomonas,0.165511211,0.217114725,0.008959591,0.09999726,0.156435035,0.155754706,0.047109496,0.030030674,0.001225378,0.003291531,0.000779551,0.002228975,0.001382438,0.001238276,0.096832557,0.015509425,0.080765337,0.172963831,0.003469392,0.055798655,0.150075674,0.071734069,0.134244325,0.068451289,0.003504713,0.09390498,0.012129404,0.09437322,0.017245627,0.098029465,0.073585384,0.138380138,0.00677765,0.103027728,0.12466693,0.004695277,0.147517309,0.155205862,0.110121763,0.095151251,0.125610881,0.015679389,0.099653379,0.007326343,0.152119093,0.097916866,0.141519352,0.158425186,0.09637273,0.005487671,0.188051129,0.031552376,0.200471998,0.00595543,0.072518903,0.007118378,0.170862076,0.00539384,0.169235057,0.121744311,0.077738332,0.218747468,0.005949902,0.090371105,0.104419012,0.002418594,0.006769392,0.105084201,0.001619315,0.042274132,0.142157786,0.007093519,0.037363122,0.095349289,0.141518705,0.209083517,0.167782908,0.13785274,0.207267309,0.027885981,0.07146133,0.17264387,0.012121212,0.121337535,0.134594177,0.004265665,0.149921023,0.100252975,0.046381377,0.097142457,0.087717256,0.009986201,0.071183589,0.115767226,0.003543021,0.093470423,0.125734814,0.008989571,0.152368012,0.073460392,0.118732685,0.122649223,0.082429613,0.129849798,0.214612201,0.153636803,0.095691106,0.198163398,0.175847117,0.180075099,0.158758158,0.209145168,0.140184467,0.006387491,0.097002756,0.110168877,0.003646707,0.118543607,0.001930148,0.161525052,0.087851531,0.103197585,0.066185948,0.122632118,0.130483482,0.08171989,0.134062246,0.096143798,0.166610708,0.082559029,0.091822627,0.103462291,0.082887499,0.186318672,0.156135432
Subgroup 26(undef),0,0,0.089595922,0,0,0,0,0,0,0.020846362,0,0,0,0,0,0.076354092,0,0,0.078061304,0,0,0.016241676,0,0,0.036799495,0,0.073642806,0.001780627,0,0,0,0,0.067776507,0.000643923,0,0.053213134,0,0,0,0,0,0.10766513,0.001083189,0.077842392,0,0.001919939,0.000808682,0,0.000830799,0.066766664,0.000847077,0.038914598,0.000845873,0.072656241,0,0.102708035,0,0.058433269,0,0,0,0,0.119989687,0,0,0.072557825,0.115925841,0,0.047769798,0,0,0.055861464,0,0,0,0,0,0,0,0.08452938,0,0,0.092121212,0,0,0.136501301,0,0,0.045506257,0,0,0.069903406,0,0,0.079717976,0,0,0.071916577,0,0,0,0,0,0,0,0,0,0,0,0,0,0,0,0.058764915,0,0,0.071110787,0,0.096507397,0,0.001996626,0,0,0,0,0,0,0,0,0,0,0,0,0,0
Sufflavibacter,0.548581185,0.365084633,0.094573473,0.7095696,0.292401937,0.285680742,0.124503669,0.122804006,0,0.108620519,0,0,0.001382438,0,0.561883648,0.136005727,0.408376845,0.292116694,0.057244956,0.299550673,0.490925509,0.353256456,0.424773087,0.613616918,0.031542424,0.507673797,0.125625964,0.528846154,0.002463661,0.382172845,0.454199441,0.333740334,0.18045495,0.406959523,0.70626759,0.198766708,0.448130311,0.442624129,0.487682094,0.537208103,0.710486546,1.082923055,0.719237434,0.101653006,0.763035874,0.416626668,0.746413494,0.82836148,0.738580662,0.112497256,0.63530787,0.108329827,0.458463387,0.135783795,0.165247991,0.243041785,0.844259674,0.173501861,0.887986302,0.291409255,0.373143997,0.661643576,0.134864442,0.470804303,0.873778297,0.102387152,0.22085142,0.338679018,0.212939947,0.366375806,0.471662587,0.17822467,0.446441403,1.028410197,0.775732163,0.367832114,0.55881415,0.823641166,0.792057221,0.362517755,0.238915495,0.649708088,0.488484848,0.695104172,0.561822145,0.211577017,0.663043576,0.863862082,0.522446836,0.844750809,0.661372581,0.27053526,0.689833689,0.554605785,0.292299244,0.408599279,0.8719791,0.159115426,0.65314441,0.206097212,0.411398338,0.200458946,0.234409212,0.65109083,0.527244401,0.365436108,0.694284377,0.609567845,0.721053477,0.376520663,0.266360911,0.513984117,0.235824337,0.01405248,0.350053422,0.310212365,0.032820364,0.373561787,0.020266554,0.123142862,0.119797543,0.258764094,0.151530985,0.331828084,0.505767832,0.267161177,0.568359704,0.099278921,0.298378871,0.063045078,0.311577905,0.046804369,0.116796022,0.465422546,0.500323485
Synechococcus,1.568713175,0.861544416,0.00099551,2.787594855,0.510972385,1.329785156,5.823631021,1.014071514,0.007352265,0.002194354,0.000779551,0.014116843,0.081563816,0.040243942,3.474505007,0.310188502,1.424200029,2.105033887,0.00867348,2.278934541,1.817441842,1.058415893,1.304373961,2.835839138,0.014895029,5.998180594,0.02599158,6.095085468,1.037201281,0.490147332,0.748540975,2.840862843,0.105053583,5.609859755,4.097422125,0.098600808,4.28977854,3.525185026,3.023628985,11.41715894,1.886125882,0.489196908,2.995017334,0.036631717,1.304807613,0.6623788,2.362968831,2.179188997,3.0207866,0.02377991,4.369223995,0.043121585,1.950584077,0.008337602,1.499120264,0.030507334,3.75713829,0.01977741,3.000438019,15.82028467,6.975719722,1.839099082,0.039666009,1.695187007,2.07167321,0.127379291,1.428341747,2.077588284,0.05100843,2.436724298,1.703069103,0.00798021,1.75702475,1.328079392,1.24877154,2.345607311,5.905681046,4.735647095,1.138119598,0.425261216,1.832396511,1.654712261,0.029090907,3.229083384,0.889189921,0.082753912,2.512961919,1.907617355,1.095650655,1.616450496,4.243807393,0.066272057,1.652753509,2.503802817,0.054916831,3.809142298,0.765839318,0.827040631,2.286490684,2.961542126,0.740517008,1.504760899,2.29257361,2.690929855,2.532011268,2.279311706,1.735710942,1.815061852,2.987795083,1.534730965,1.016052217,2.820500174,0.96687978,0.873808732,10.77433504,11.01543814,0.94449712,15.48936594,0.274081009,8.372115336,8.809112601,7.424065061,2.518549485,12.04680218,3.303657003,2.943487557,4.321299846,0.591493365,2.267932821,5.426379864,3.725522563,0.870807626,2.360409918,1.097708807,1.217166268
TA18(undef),0,0,0.003982041,0.017807731,0,0,0,0,0,0,0,0,0,0,0.012741126,0,0.035263739,0.047404902,0,0.023494171,0.059775904,0.029776406,0.008014587,0.012223445,0,0,0,0.00534188,0.002463661,0.001420717,0.002537427,0.030932031,0.002541619,0.036059705,0.021402048,0.001565092,0.037809058,0.056046562,0.040902369,0.031717084,0.03532806,0.003135878,0.004332756,0.004578964,0.017896364,0.027839109,0.007278138,0.009269559,0.008307994,0.002743836,0.044895089,0.01787968,0.019455088,0.009528687,0.003566503,0,0.053908356,0.003595893,0.047784016,0.02331274,0.071692018,0.02700586,0.002974951,0.010203189,0.010859577,0.014511565,0.024539047,0,0.000809658,0.003251856,0.026360384,0.00177338,0.017244518,0.020431991,0.005241434,0.014713285,0.004159907,0.010425838,0.002775901,0.002614311,0.019198567,0.011676397,0.001212121,0.031980435,0.002605049,0.012796997,0.01517058,0.00749555,0.020127768,0.019428491,0.009315107,0.009986201,0.003882741,0.004038392,0.001771511,0.00979214,0,0.012585401,0.003881988,0.002040566,0.019788781,0,0.005151851,0.011051047,0,0.016461086,0.004889327,0.007897817,0.024088646,0.050134545,0.00176398,0.035515217,0.023582434,0.05493242,0.084350222,0.039138943,0.034643717,0.02091946,0.026056997,0.123142862,0.07687009,0.184831495,0.047026858,0.142830349,0.058890775,0.076219512,0.08991001,0.014630578,0.02407303,0.015010733,0.066029755,0.025865573,0.007535227,0.002993071,0.006901014
Thermoplasmata(undef),0.930610202,0.933455027,2.379269491,2.073915777,0.297518971,0.03130748,0.005608274,0.01072524,0.000612689,2.781343607,0.014811466,0.000742992,0.425790758,0.964616287,0.452309967,1.173944166,3.152123218,1.127467939,1.314899303,4.394878271,1.559260815,1.421146659,1.881424197,5.48588192,0.86391196,1.304398862,2.561903274,2.147435898,0.650406504,3.5319022,3.390002536,4.48840049,2.124793492,4.612422568,3.664565696,1.876545526,5.280871716,2.563770931,2.029386777,1.811838402,2.050008827,1.457137782,3.639514732,2.091670864,4.105588545,4.297782474,2.417959209,2.583678835,5.078676703,2.311224119,3.921120173,6.193731597,3.611033573,2.893147684,4.605544725,2.502618547,5.664945861,2.008306511,6.858001831,0.427400236,1.076244034,1.780586386,0.92223478,4.683263852,1.962242085,1.065793821,1.166873977,0.736258733,2.804653914,2.793344535,1.461118433,2.636129069,7.489868844,3.70694688,3.955971964,3.582297596,2.244963046,4.039432838,3.393076899,2.506252561,2.768859923,1.571309421,1.258181817,2.114471145,2.534712273,3.605340612,2.803880098,2.084699709,3.478603308,5.744616362,1.92279329,1.844723655,1.914191421,1.402668031,1.867172144,1.970000448,0.906270412,1.882416395,1.994371117,0.227863257,3.616139311,0.543349248,1.866257952,1.922882113,3.374983233,0.88231421,2.7491985,0.959225727,0.819013972,1.879533854,4.836831893,1.538006214,6.410491566,0.502056772,2.548782543,3.199246212,0.501422221,2.287194305,0.945772497,1.448927698,2.086473862,4.603844493,5.887065871,3.058589298,1.631620881,6.320719134,1.651293662,0.014630577,0.065884083,0.034524686,0.844974519,0.349801086,1.009720444,1.964951139,2.382574938
Thiobacillus,0.006245706,0.004148689,0,0.004109476,0.00146201,0.041482409,0,0.001072524,0,0,0,0,0,0,0.011467013,0.002386065,0.019338179,0.005124854,0,0.007341928,0.010174622,0.006767365,0.004007293,0.014668133,0,0.004401796,0,0.016025641,0,0.028414338,0.035523979,0.035816036,0,0.041211091,0.034243277,0.001565092,0.029131569,0.038801466,0.053487714,0.042619831,0.03729073,0.001045293,0.057409012,0,0.165948101,0.115196314,0.089763703,0.066572286,0.04070917,0,0.02371816,0.002103492,0.013533975,0,0.011888345,0,0.022842524,0,0.019910007,0.032378806,0.108833666,0.056712307,0,0.017491182,0.089382675,0,0,0.034135632,0.000809658,0.016259281,0.019770288,0,0.004790144,0.061295972,0.070759353,0.163394897,0.076958276,0.05792132,0.070322837,0.005228621,0.008532696,0.011676397,0.001212121,0.004703005,0.05557437,0.000853133,0.040157417,0.102126862,0.028878971,0.090148201,0.093151068,0,0.082831813,0.134613055,0,0.177148707,0.072664925,0.000898957,0.046583851,0.012243399,0.068739975,0.073853296,0.056670359,0.023943934,0.022699368,0.039506606,0.10826366,0.0215395,0.008029549,0.032740927,0.031751632,0.027622947,0.058956084,0,0.060450993,0.104370515,0,0.042835085,0,0.04637848,0.061895397,0.060070236,0.001741735,0.046167386,0.03233219,0.014143827,0.009633215,0.01672066,0.024706531,0.010507513,0.030951447,0.022170491,0.045211363,0.042651262,0.043131335
Thiothrix,0.338309079,0.164564664,0.00099551,0.041094763,0.339186245,0.162016202,0.155909998,0.177502735,0.001838066,0.01097177,0.048332152,0.008915901,0.158980315,0.208649351,0.085365542,0.014316391,0.085315498,0.042280049,0.000867348,0.041114799,0.049601282,0.021655568,0.046083872,0.046449089,0.000876178,0.088035918,0.018194106,0.11039886,0.066518847,0.179010329,0.13702106,0.097680098,0.002541618,0.099808111,0.100054576,0.004695276,0.083055963,0.073291658,0.133194895,0.061451849,0.160938941,0.020905851,0.281629116,0.007326343,0.282274465,0.277431122,0.30163839,0.247750026,0.163667482,0.010975343,0.227016679,0.018931426,0.197088505,0.004764344,0.060630558,0.007118378,0.093197497,0.006292813,0.075658025,0.13858129,0.133882684,0.051311135,0.00099165,0.053931144,0.040932252,0.000806198,0,0.409627586,0.004857945,0.209202753,0.112973074,0.007093519,0.070894128,0.071025492,0.072069711,0.061176287,0.067251827,0.044020202,0.03978792,0.009585806,0.020265153,0.084236864,0.001212121,0.037624041,0.133725828,0.012796997,0.107086446,0.142415441,0.050756979,0.066056872,0.092374809,0.003631345,0.12813046,0.195188929,0.003543022,0.096141007,0.022044415,0.002696871,0.08152174,0.131956631,0.243714458,0.228153932,0.278199943,0.038678664,0.061907365,0.289715113,0.252149557,0.067490433,0.050586157,0.140172095,0.116422649,0.105559118,0.131013521,0,0.102626103,0.100021743,0.001823354,0.047815908,0.002895222,0.212701307,0.225618704,0.126301521,0.010450413,0.181784081,0.173208161,0.093506413,0.118006888,0.115999581,0.258468322,0.084060103,0.099044632,0.145339886,0.244894884,0.237200881,0.244123355
uncultured,3.151999664,2.810045352,0.192133476,2.231445713,2.582640097,2.757406173,1.057720349,0.930414636,2.211193825,0.08667698,3.974929645,0.487402577,0.369110819,0.389437518,3.768825008,0.586972084,2.550364581,3.194065417,0.245459434,2.126222433,3.301664821,1.866439279,2.276142579,2.42757609,0.779798823,1.815007189,0.323161963,1.63105413,0.551860064,1.307059542,1.261101239,1.870573875,0.399034183,2.039949003,2.804738412,0.270760945,2.55490061,3.502191564,3.743091172,3.069618998,3.859590584,0.986756146,1.903162911,0.265579927,2.320832994,1.858500525,2.182632743,2.283682204,1.603442832,0.305480356,1.922018072,0.366007574,1.416837956,0.314446683,0.980788433,0.194230045,2.356434741,0.267894062,2.468840834,2.604551166,2.505765595,4.119293885,0.141805993,1.705390198,3.409071925,0.309580051,0.341008131,1.818559074,0.153834944,1.598829333,3.444737338,0.232312755,1.392973818,2.950963221,2.76354583,2.828048166,3.004839361,2.450071822,3.312575763,0.903680075,1.611612994,3.242702253,0.219393935,2.394770258,3.335330537,0.232905344,2.407660249,3.254942375,1.215542135,2.897176652,3.706636238,0.370397266,4.028991134,3.127061263,0.338358521,3.070280855,3.960646637,0.406328657,2.339868009,2.018800419,2.095527736,2.226149342,2.277118055,4.508827022,3.256327453,2.574513849,2.419518193,4.508217318,4.40019271,3.54215906,2.100899633,3.82380506,2.767005556,0.166074758,3.801383343,2.471551783,0.164101817,2.412711062,0.098437546,3.420812743,2.392955906,2.929579198,1.074650779,3.109084873,3.729749082,2.275584614,4.497106022,1.459922669,2.423774017,1.596391422,2.102635,1.726834918,1.458066461,2.367519195,2.320465818
undef,2.876147648,2.899933621,8.807279171,6.60666831,2.997119841,1.829139436,0.911905243,1.208198374,4.147903073,4.728832713,4.390430234,4.869567802,5.26570449,4.710398415,5.896593023,8.852302553,7.413347894,8.081895171,6.606588374,7.819153623,4.409426787,7.786530237,6.96467571,6.559100354,3.017558616,7.5754908,4.855226906,7.313034188,6.932742055,8.31971813,8.05633088,6.577126577,6.653111365,5.702584708,3.934766557,6.337058253,4.039371006,3.104117267,3.579481694,4.629703049,3.250181547,4.444583817,4.408578856,6.900499107,4.367526234,6.26187962,5.65673066,5.544038831,6.523436851,6.576973732,5.544967091,12.76188473,7.699139747,7.505032338,9.218222455,6.234682775,4.791447759,4.770851687,4.23485844,2.408983176,2.619781814,4.027473962,12.39265385,6.700580124,2.723247849,12.18165254,9.67261527,3.134454231,3.692038637,4.926562246,2.981547731,7.183961553,9.282340656,6.023545437,6.154753325,2.912455957,4.290250565,7.522821,3.110860252,5.619896648,6.721631452,3.696413678,9.014545455,6.771386916,3.585415201,5.471142772,4.599362836,3.375808114,4.851667104,4.341102139,2.821701094,5.407073862,3.044069113,2.82552802,4.24985385,4.387768727,2.651861528,6.549802229,4.367236025,3.331564842,4.167100631,3.849603039,3.235362304,3.13573448,3.421413758,2.992625433,4.144053531,1.50561104,1.911835555,2.272424977,5.886399718,2.339071672,7.201813227,18.21712359,3.136422426,2.832499819,12.86922909,3.960751108,19.54660825,1.410545507,2.359013268,4.380506438,11.86121852,3.096100299,4.509185806,8.709454363,3.057743098,3.508203574,4.46554706,2.987886339,4.819140375,3.670447967,4.021927511,3.976294877,4.400258788
Variovorax,0.047883746,0.049784268,0.006968571,0.020547382,0.049708329,0.102531993,0.030284676,0.027885626,0.001838067,0.002194354,0.000779551,0.000742992,0.001382438,0.004953101,0.057335066,0.011930327,0.027300959,0.038436407,0.005204087,0.03377287,0.043242143,0.029776406,0.024043759,0.058672534,0.002628535,0.014672653,0.002599158,0.012464388,0.009854644,0.048304374,0.081197666,0.08954009,0.003388825,0.082422181,0.036383482,0.006260368,0.037809058,0.094848028,0.093341304,0.089204297,0.079488136,0.014634095,0.034662045,0.000915793,0.100056943,0.063357972,0.042860146,0.067414973,0.042370769,0.002743836,0.052518784,0.002103492,0.035526683,0.004764344,0.038042703,0,0.033806935,0.00269692,0.040815514,0.079004287,0.076010814,0.045909963,0.002974951,0.011660787,0.066828168,0.001612396,0.001692348,0.052207438,0.004048288,0.029266707,0.108265864,0.00088669,0.00766423,0.067133684,0.057655769,0.082084641,0.045065657,0.075297715,0.074024039,0.005228621,0.011732457,0.054211843,0.002424242,0.019752622,0.109412041,0.001706266,0.040157417,0.068396889,0.023628249,0.056731196,0.052009346,0.003631346,0.072477836,0.119805619,0.005314532,0.093470423,0.14614631,0.002696871,0.025232919,0.238746276,0.064573917,0.242660829,0.122356456,0.058017995,0.030953683,0.100961328,0.037019188,0.071798333,0.052995022,0.094130166,0.059975304,0.067084299,0.048475003,0.001277498,0.068886015,0.100021743,0.001823354,0.058773722,0.002895222,0.118345088,0.128782358,0.069311811,0.015675619,0.067808348,0.020784979,0.041645713,0.047363308,0.399205769,0.131134663,0.240171723,0.084600623,0.24633879,0.124331249,0.086050792,0.067284882
Verrucomicrobiae(undef),0,0,0.021901225,0.194515219,0,0.06183227,0.015703165,0.033784508,0,0.016457655,0,0,0,0,0.019111688,0.022667621,0.134229714,0.001281214,0.019081652,0.123344395,0.0228929,0.023009041,0.140255264,0.122234446,0.01139032,0.086568653,0.051116771,0.078347578,0,0.035517922,0.027911697,0.030932031,0.014402508,0.087573568,0.054040171,0.014085829,0.039668519,0.057483653,0.090194968,0.13083297,0.044160075,0.019860558,0.087738301,0.01923165,0.025217603,0.143035423,0.071972698,0.0918529,0.059817557,0.021036072,0.058448324,0.012620951,0.063440506,0.016675203,0.023776689,0.00813529,0.043857646,0.022474334,0.038824513,0.111383093,0.069964499,0.044109572,0,0.024779174,0.084370562,0.001612396,0,0.047522154,0.034005619,0.096471736,0,0.059408223,0.12358571,0.084646819,0.079931862,0.121578193,0.064478555,0.068347158,0.075874641,0.043571845,0.044796655,0.015846539,0.024242424,0.088416498,0.139804274,0.037537858,0.059789932,0.052468847,0.050756979,0.036525564,0.371051753,0.033589948,0.292499838,0.109036574,0.033658701,0.103262563,0.332299151,0.003595829,0.065993788,0,0.027079385,0,0.009015739,0.031311299,0.030953683,0.001097406,0.008381703,0.005743866,0.009635458,0.004092616,0.005291939,0.026636413,0,0,0.06185683,0.134811916,0.001823354,0.026896448,0,0.111948056,0.115804291,0.009241574,0.05747727,0.008656385,0.003464163,0.066004526,0.011238752,0,0,0.000750537,0.008253719,0.003695082,0.022605682,0.077819847,0.090575804
ZD0417 marine group,0,0,0.376302873,0.843812497,0,0,0.001121655,0.028421888,0,1.039026586,0,0,0.001382438,0,0.071350306,0.198043427,0.76101423,0.01793699,0.118826651,0.320108074,0.010174622,0.09474311,1.019856138,0.083119424,0.062208671,0.381488981,0.538892066,0.580484332,0.039418576,0.797022178,0.976909413,0.95889296,0.265175584,1.070844441,0.53719141,0.212852537,0.628498114,0.089099662,0.08914619,0.188320184,0.042197405,0.140069198,0.558925476,0.32144329,0.100870414,0.82845349,0.355011402,0.295783193,1.363341808,0.413404551,1.330758218,1.827934371,1.704434915,0.469287851,1.364781966,0.80844443,1.263648408,0.405436991,1.182654402,0.2603256,0.062190667,0,1.382360525,0.479549893,0.001670704,0.705423295,1.733810575,0,0.945680071,0.456343829,0,0.410537424,1.255975705,0.042809886,0.045862543,0.144809695,0.073491687,0.019693248,0.005551803,0.359032007,1.076186311,0.01000834,0.123636363,0.337675774,0.003473398,0.729428829,0.496167198,0.015928043,0.642338321,0.103359575,0,1.018592491,0,0.001346131,0.694432144,0.072105756,0,0.987953974,0.332880435,0.000680189,0.96965026,0.006594045,0.039926845,0,0.112465048,0.03072736,0.939449182,0,0,0.008185232,1.127182925,0,0.621004087,0.794603848,0.348647584,0.108719286,0.288089856,0.912486926,1.384881152,0.039981449,0.101827911,0.706980469,1.654648691,0.888722174,0.155887345,1.082002765,0.08188233,0.003135124,0.025973533,0.012008586,0.62521924,0.032024043,0.137517896,0.068840635,0.027604056
Zunongwangia,0,0,0.008959592,0.002739651,0,0.002348061,0.022433093,0.012870289,0,0.018652008,0,0.002228975,0.002764875,0.001238275,0,0.003579098,0.00113754,0,0.003469391,0.001468386,0,0.004060419,0,0,0.003504714,0,0,0,0,0,0.007612281,0,0.251620282,0.044430707,0,0.305192976,0,0,0,0,0,2.324730576,0,0.04487385,0,0.004799846,0,0.004213436,0.005815596,0.056705934,0.005082463,0.0641565,0,0.077420584,0,0.075251431,0.000913701,0.215753609,0.067694023,0.002590304,0.01122887,0.000900195,0.051565816,0.005830394,0,0.007255782,0.003384696,0,0.004857946,0.004335808,0,0.005320139,0.008622259,0,0.005241434,0.000774383,0,0,0.001850601,0.49671904,0.074661092,0.003336113,1.176969697,0.193763815,0.00086835,0.133088769,0.032125934,0.000936944,0.112890522,0.00077714,0.000776259,0.236945312,0,0,0.138177824,0.002670584,0,0.001797914,0,0.000680189,0,0,0,0,0.001031789,0,0,0,0,0,0,0,0,0,0,0,0.001823354,0,0.006755518,0,0,0,0.001741735,0,0,0.003143073,0.001605536,0,0.001900502,0,0.001031715,0,0.001883807,0.000748268,0